ID,dim::annotator_index,dim::score_band,res::score,res::z_score,dim::system,dim::sentence_id,desc::original,desc::simplification,desc::generation_raw
simpeval-00001,1,61-80,68,0.2732133847494461,asset.test.simp,11,Weelkes was later to find himself in trouble with the Chichester Cathedral authorities for his heavy drinking and immoderate behaviour.,"Later, Weelkes found himself in trouble with the Chichester Cathedral authorities for his drunk and inappropriate behaviour.","Later, Weelkes found himself in trouble with the Chichester Cathedral authorities for his drunk and inappropriate behaviour."
simpeval-00002,2,81-100,90,1.1675035516985128,asset.test.simp,11,Weelkes was later to find himself in trouble with the Chichester Cathedral authorities for his heavy drinking and immoderate behaviour.,"Later, Weelkes found himself in trouble with the Chichester Cathedral authorities for his drunk and inappropriate behaviour.","Later, Weelkes found himself in trouble with the Chichester Cathedral authorities for his drunk and inappropriate behaviour."
simpeval-00003,3,81-100,96,1.1070220342827175,asset.test.simp,11,Weelkes was later to find himself in trouble with the Chichester Cathedral authorities for his heavy drinking and immoderate behaviour.,"Later, Weelkes found himself in trouble with the Chichester Cathedral authorities for his drunk and inappropriate behaviour.","Later, Weelkes found himself in trouble with the Chichester Cathedral authorities for his drunk and inappropriate behaviour."
simpeval-00004,4,81-100,85,0.737098109856763,asset.test.simp,11,Weelkes was later to find himself in trouble with the Chichester Cathedral authorities for his heavy drinking and immoderate behaviour.,"Later, Weelkes found himself in trouble with the Chichester Cathedral authorities for his drunk and inappropriate behaviour.","Later, Weelkes found himself in trouble with the Chichester Cathedral authorities for his drunk and inappropriate behaviour."
simpeval-00005,5,81-100,100,0.8746586700111324,asset.test.simp,11,Weelkes was later to find himself in trouble with the Chichester Cathedral authorities for his heavy drinking and immoderate behaviour.,"Later, Weelkes found himself in trouble with the Chichester Cathedral authorities for his drunk and inappropriate behaviour.","Later, Weelkes found himself in trouble with the Chichester Cathedral authorities for his drunk and inappropriate behaviour."
simpeval-00006,1,61-80,65,0.0895857849984965,SEMoses_all,11,Weelkes was later to find himself in trouble with the Chichester Cathedral authorities for his heavy drinking and immoderate behaviour.,Weelkes was later to find himself in trouble with the Chichester Cathedral authorities for his heavy drinking and bad behavior.,Weelkes was later to find himself in trouble with the Chichester cathedral authorities for his heavy drinking and bad Behavior.
simpeval-00007,2,81-100,82,0.216457973579816,SEMoses_all,11,Weelkes was later to find himself in trouble with the Chichester Cathedral authorities for his heavy drinking and immoderate behaviour.,Weelkes was later to find himself in trouble with the Chichester Cathedral authorities for his heavy drinking and bad behavior.,Weelkes was later to find himself in trouble with the Chichester cathedral authorities for his heavy drinking and bad Behavior.
simpeval-00008,3,81-100,95,1.036964443008244,SEMoses_all,11,Weelkes was later to find himself in trouble with the Chichester Cathedral authorities for his heavy drinking and immoderate behaviour.,Weelkes was later to find himself in trouble with the Chichester Cathedral authorities for his heavy drinking and bad behavior.,Weelkes was later to find himself in trouble with the Chichester cathedral authorities for his heavy drinking and bad Behavior.
simpeval-00009,4,61-80,80,0.5348519923949123,SEMoses_all,11,Weelkes was later to find himself in trouble with the Chichester Cathedral authorities for his heavy drinking and immoderate behaviour.,Weelkes was later to find himself in trouble with the Chichester Cathedral authorities for his heavy drinking and bad behavior.,Weelkes was later to find himself in trouble with the Chichester cathedral authorities for his heavy drinking and bad Behavior.
simpeval-00010,5,81-100,100,0.8746586700111324,SEMoses_all,11,Weelkes was later to find himself in trouble with the Chichester Cathedral authorities for his heavy drinking and immoderate behaviour.,Weelkes was later to find himself in trouble with the Chichester Cathedral authorities for his heavy drinking and bad behavior.,Weelkes was later to find himself in trouble with the Chichester cathedral authorities for his heavy drinking and bad Behavior.
simpeval-00011,1,41-60,57,-0.4000878143373689,new_simple_wiki,11,Weelkes was later to find himself in trouble with the Chichester Cathedral authorities for his heavy drinking and immoderate behaviour.,In later years Weelkes got into trouble with the Chichester Cathedral authorities because of his heavy drinking and bad behaviour.,In later years weelkes got into trouble with the chichester cathedral authorities because of his heavy drinking and bad behaviour.
simpeval-00012,2,81-100,85,0.5731000653743273,new_simple_wiki,11,Weelkes was later to find himself in trouble with the Chichester Cathedral authorities for his heavy drinking and immoderate behaviour.,In later years Weelkes got into trouble with the Chichester Cathedral authorities because of his heavy drinking and bad behaviour.,In later years weelkes got into trouble with the chichester cathedral authorities because of his heavy drinking and bad behaviour.
simpeval-00013,3,81-100,88,0.5465613040869307,new_simple_wiki,11,Weelkes was later to find himself in trouble with the Chichester Cathedral authorities for his heavy drinking and immoderate behaviour.,In later years Weelkes got into trouble with the Chichester Cathedral authorities because of his heavy drinking and bad behaviour.,In later years weelkes got into trouble with the chichester cathedral authorities because of his heavy drinking and bad behaviour.
simpeval-00014,4,81-100,90,0.939344227318614,new_simple_wiki,11,Weelkes was later to find himself in trouble with the Chichester Cathedral authorities for his heavy drinking and immoderate behaviour.,In later years Weelkes got into trouble with the Chichester Cathedral authorities because of his heavy drinking and bad behaviour.,In later years weelkes got into trouble with the chichester cathedral authorities because of his heavy drinking and bad behaviour.
simpeval-00015,5,81-100,95,0.6959555861266069,new_simple_wiki,11,Weelkes was later to find himself in trouble with the Chichester Cathedral authorities for his heavy drinking and immoderate behaviour.,In later years Weelkes got into trouble with the Chichester Cathedral authorities because of his heavy drinking and bad behaviour.,In later years weelkes got into trouble with the chichester cathedral authorities because of his heavy drinking and bad behaviour.
simpeval-00016,1,41-60,58,-0.3388786144203857,lstm_w_split,11,Weelkes was later to find himself in trouble with the Chichester Cathedral authorities for his heavy drinking and immoderate behaviour.,Weelkes was later to find himself in trouble with the Chichester Cathedral authorities for his heavy drinking and Weelkes behavior.,Weelkes was later to find himself in trouble with the chichester cathedral authorities for his heavy drinking and weelkes behavior.
simpeval-00017,2,61-80,79,-0.1401841182146952,lstm_w_split,11,Weelkes was later to find himself in trouble with the Chichester Cathedral authorities for his heavy drinking and immoderate behaviour.,Weelkes was later to find himself in trouble with the Chichester Cathedral authorities for his heavy drinking and Weelkes behavior.,Weelkes was later to find himself in trouble with the chichester cathedral authorities for his heavy drinking and weelkes behavior.
simpeval-00018,3,61-80,75,-0.3641873824812227,lstm_w_split,11,Weelkes was later to find himself in trouble with the Chichester Cathedral authorities for his heavy drinking and immoderate behaviour.,Weelkes was later to find himself in trouble with the Chichester Cathedral authorities for his heavy drinking and Weelkes behavior.,Weelkes was later to find himself in trouble with the chichester cathedral authorities for his heavy drinking and weelkes behavior.
simpeval-00019,4,41-60,55,-0.4763785949143415,lstm_w_split,11,Weelkes was later to find himself in trouble with the Chichester Cathedral authorities for his heavy drinking and immoderate behaviour.,Weelkes was later to find himself in trouble with the Chichester Cathedral authorities for his heavy drinking and Weelkes behavior.,Weelkes was later to find himself in trouble with the chichester cathedral authorities for his heavy drinking and weelkes behavior.
simpeval-00020,5,41-60,60,-0.5549660010650721,lstm_w_split,11,Weelkes was later to find himself in trouble with the Chichester Cathedral authorities for his heavy drinking and immoderate behaviour.,Weelkes was later to find himself in trouble with the Chichester Cathedral authorities for his heavy drinking and Weelkes behavior.,Weelkes was later to find himself in trouble with the chichester cathedral authorities for his heavy drinking and weelkes behavior.
simpeval-00021,1,61-80,66,0.1507949849154797,T5-3B,11,Weelkes was later to find himself in trouble with the Chichester Cathedral authorities for his heavy drinking and immoderate behaviour.,Weelkes was soon in trouble with the Chichester Cathedral authorities for his heavy drinking and immoderate behaviour.,Weelkes was soon in trouble with the Chichester Cathedral authorities for his heavy drinking and immoderate behaviour.
simpeval-00022,2,81-100,83,0.3353386708446532,T5-3B,11,Weelkes was later to find himself in trouble with the Chichester Cathedral authorities for his heavy drinking and immoderate behaviour.,Weelkes was soon in trouble with the Chichester Cathedral authorities for his heavy drinking and immoderate behaviour.,Weelkes was soon in trouble with the Chichester Cathedral authorities for his heavy drinking and immoderate behaviour.
simpeval-00023,3,81-100,82,0.1262157564400907,T5-3B,11,Weelkes was later to find himself in trouble with the Chichester Cathedral authorities for his heavy drinking and immoderate behaviour.,Weelkes was soon in trouble with the Chichester Cathedral authorities for his heavy drinking and immoderate behaviour.,Weelkes was soon in trouble with the Chichester Cathedral authorities for his heavy drinking and immoderate behaviour.
simpeval-00024,4,61-80,79,0.4944027689025422,T5-3B,11,Weelkes was later to find himself in trouble with the Chichester Cathedral authorities for his heavy drinking and immoderate behaviour.,Weelkes was soon in trouble with the Chichester Cathedral authorities for his heavy drinking and immoderate behaviour.,Weelkes was soon in trouble with the Chichester Cathedral authorities for his heavy drinking and immoderate behaviour.
simpeval-00025,5,81-100,88,0.4457712686882711,T5-3B,11,Weelkes was later to find himself in trouble with the Chichester Cathedral authorities for his heavy drinking and immoderate behaviour.,Weelkes was soon in trouble with the Chichester Cathedral authorities for his heavy drinking and immoderate behaviour.,Weelkes was soon in trouble with the Chichester Cathedral authorities for his heavy drinking and immoderate behaviour.
simpeval-00026,1,41-60,45,-1.1345982133411672,scramble_words,11,Weelkes was later to find himself in trouble with the Chichester Cathedral authorities for his heavy drinking and immoderate behaviour.,Immoderate was later to find himself in and behaviour. His Chichester Cathedral authorities for the heavy drinking trouble Weelkes with,Immoderate was later to find himself in and behaviour. || his Chichester Cathedral authorities for the heavy drinking trouble Weelkes with
simpeval-00027,2,61-80,65,-1.8045138799224147,scramble_words,11,Weelkes was later to find himself in trouble with the Chichester Cathedral authorities for his heavy drinking and immoderate behaviour.,Immoderate was later to find himself in and behaviour. His Chichester Cathedral authorities for the heavy drinking trouble Weelkes with,Immoderate was later to find himself in and behaviour. || his Chichester Cathedral authorities for the heavy drinking trouble Weelkes with
simpeval-00028,3,41-60,60,-1.415051251598323,scramble_words,11,Weelkes was later to find himself in trouble with the Chichester Cathedral authorities for his heavy drinking and immoderate behaviour.,Immoderate was later to find himself in and behaviour. His Chichester Cathedral authorities for the heavy drinking trouble Weelkes with,Immoderate was later to find himself in and behaviour. || his Chichester Cathedral authorities for the heavy drinking trouble Weelkes with
simpeval-00029,4,0-20,0,-2.7010858869947,scramble_words,11,Weelkes was later to find himself in trouble with the Chichester Cathedral authorities for his heavy drinking and immoderate behaviour.,Immoderate was later to find himself in and behaviour. His Chichester Cathedral authorities for the heavy drinking trouble Weelkes with,Immoderate was later to find himself in and behaviour. || his Chichester Cathedral authorities for the heavy drinking trouble Weelkes with
simpeval-00030,5,0-20,0,-2.6994030076793787,scramble_words,11,Weelkes was later to find himself in trouble with the Chichester Cathedral authorities for his heavy drinking and immoderate behaviour.,Immoderate was later to find himself in and behaviour. His Chichester Cathedral authorities for the heavy drinking trouble Weelkes with,Immoderate was later to find himself in and behaviour. || his Chichester Cathedral authorities for the heavy drinking trouble Weelkes with
simpeval-00031,1,81-100,85,1.3137697833381603,lstm_w_split,12,"Waugh writes that Charles had been ""in search of love in those days"" when he first met Sebastian, finding ""that low door in the wall... which opened on an enclosed and enchanted garden"", a metaphor that informs the work on a number of levels.","Waugh writes that Charles had been ""In Search of love in those days"" when he first met Sebastian, finding ""that low door in the wall... which opened on an enclosed and Enchanted Garden"".","Waugh writes that charles had been ""in search of love in those days"" when he first met sebastian , finding ""that low door in the wall... which opened on an enclosed and enchanted garden""."
simpeval-00032,2,81-100,83,0.3353386708446532,lstm_w_split,12,"Waugh writes that Charles had been ""in search of love in those days"" when he first met Sebastian, finding ""that low door in the wall... which opened on an enclosed and enchanted garden"", a metaphor that informs the work on a number of levels.","Waugh writes that Charles had been ""In Search of love in those days"" when he first met Sebastian, finding ""that low door in the wall... which opened on an enclosed and Enchanted Garden"".","Waugh writes that charles had been ""in search of love in those days"" when he first met sebastian , finding ""that low door in the wall... which opened on an enclosed and enchanted garden""."
simpeval-00033,3,61-80,80,-0.0138994261088559,lstm_w_split,12,"Waugh writes that Charles had been ""in search of love in those days"" when he first met Sebastian, finding ""that low door in the wall... which opened on an enclosed and enchanted garden"", a metaphor that informs the work on a number of levels.","Waugh writes that Charles had been ""In Search of love in those days"" when he first met Sebastian, finding ""that low door in the wall... which opened on an enclosed and Enchanted Garden"".","Waugh writes that charles had been ""in search of love in those days"" when he first met sebastian , finding ""that low door in the wall... which opened on an enclosed and enchanted garden""."
simpeval-00034,4,41-60,60,-0.2741324774524907,lstm_w_split,12,"Waugh writes that Charles had been ""in search of love in those days"" when he first met Sebastian, finding ""that low door in the wall... which opened on an enclosed and enchanted garden"", a metaphor that informs the work on a number of levels.","Waugh writes that Charles had been ""In Search of love in those days"" when he first met Sebastian, finding ""that low door in the wall... which opened on an enclosed and Enchanted Garden"".","Waugh writes that charles had been ""in search of love in those days"" when he first met sebastian , finding ""that low door in the wall... which opened on an enclosed and enchanted garden""."
simpeval-00035,5,81-100,92,0.5887337357958915,lstm_w_split,12,"Waugh writes that Charles had been ""in search of love in those days"" when he first met Sebastian, finding ""that low door in the wall... which opened on an enclosed and enchanted garden"", a metaphor that informs the work on a number of levels.","Waugh writes that Charles had been ""In Search of love in those days"" when he first met Sebastian, finding ""that low door in the wall... which opened on an enclosed and Enchanted Garden"".","Waugh writes that charles had been ""in search of love in those days"" when he first met sebastian , finding ""that low door in the wall... which opened on an enclosed and enchanted garden""."
simpeval-00036,1,21-40,33,-1.8691086123449647,scramble_words,12,"Waugh writes that Charles had been ""in search of love in those days"" when he first met Sebastian, finding ""that low door in the wall... which opened on an enclosed and enchanted garden"", a metaphor that informs the work on a number of levels.","Waugh met that Charles had days"" ""in of search the in he been Sebastian, those first writes when finding ""that enclosed door in the wall... which opened on that low and Enchanted Garden"", a metaphor an informs love work on a number of levels.","Waugh met that Charles had days"" ""in of search the in he been Sebastian, those first writes when finding ""that enclosed door in the wall... which opened on that low and enchanted garden"", a metaphor an informs love work on a number of levels."
simpeval-00037,2,61-80,68,-1.4478717881279035,scramble_words,12,"Waugh writes that Charles had been ""in search of love in those days"" when he first met Sebastian, finding ""that low door in the wall... which opened on an enclosed and enchanted garden"", a metaphor that informs the work on a number of levels.","Waugh met that Charles had days"" ""in of search the in he been Sebastian, those first writes when finding ""that enclosed door in the wall... which opened on that low and Enchanted Garden"", a metaphor an informs love work on a number of levels.","Waugh met that Charles had days"" ""in of search the in he been Sebastian, those first writes when finding ""that enclosed door in the wall... which opened on that low and enchanted garden"", a metaphor an informs love work on a number of levels."
simpeval-00038,3,21-40,30,-3.516778989832523,scramble_words,12,"Waugh writes that Charles had been ""in search of love in those days"" when he first met Sebastian, finding ""that low door in the wall... which opened on an enclosed and enchanted garden"", a metaphor that informs the work on a number of levels.","Waugh met that Charles had days"" ""in of search the in he been Sebastian, those first writes when finding ""that enclosed door in the wall... which opened on that low and Enchanted Garden"", a metaphor an informs love work on a number of levels.","Waugh met that Charles had days"" ""in of search the in he been Sebastian, those first writes when finding ""that enclosed door in the wall... which opened on that low and enchanted garden"", a metaphor an informs love work on a number of levels."
simpeval-00039,4,0-20,0,-2.7010858869947,scramble_words,12,"Waugh writes that Charles had been ""in search of love in those days"" when he first met Sebastian, finding ""that low door in the wall... which opened on an enclosed and enchanted garden"", a metaphor that informs the work on a number of levels.","Waugh met that Charles had days"" ""in of search the in he been Sebastian, those first writes when finding ""that enclosed door in the wall... which opened on that low and Enchanted Garden"", a metaphor an informs love work on a number of levels.","Waugh met that Charles had days"" ""in of search the in he been Sebastian, those first writes when finding ""that enclosed door in the wall... which opened on that low and enchanted garden"", a metaphor an informs love work on a number of levels."
simpeval-00040,5,0-20,20,-1.9845906721412765,scramble_words,12,"Waugh writes that Charles had been ""in search of love in those days"" when he first met Sebastian, finding ""that low door in the wall... which opened on an enclosed and enchanted garden"", a metaphor that informs the work on a number of levels.","Waugh met that Charles had days"" ""in of search the in he been Sebastian, those first writes when finding ""that enclosed door in the wall... which opened on that low and Enchanted Garden"", a metaphor an informs love work on a number of levels.","Waugh met that Charles had days"" ""in of search the in he been Sebastian, those first writes when finding ""that enclosed door in the wall... which opened on that low and enchanted garden"", a metaphor an informs love work on a number of levels."
simpeval-00041,1,61-80,65,0.0895857849984965,new_simple_wiki,12,"Waugh writes that Charles had been ""in search of love in those days"" when he first met Sebastian, finding ""that low door in the wall... which opened on an enclosed and enchanted garden"", a metaphor that informs the work on a number of levels.","This act had also influenced Charles, who had been ""In Search of love in those days"" when he first met Sebastian, ""That Low Door in the wall... which opened on an enclosed and Enchanted Garden, "", an important metaphor in the book.","This act had also influenced charles, who had been ""in search of love in those days"" when he first met sebastian, ""that low door in the wall... which opened on an enclosed and enchanted garden, "", an important metaphor in the book."
simpeval-00042,2,81-100,86,0.6919807626391645,new_simple_wiki,12,"Waugh writes that Charles had been ""in search of love in those days"" when he first met Sebastian, finding ""that low door in the wall... which opened on an enclosed and enchanted garden"", a metaphor that informs the work on a number of levels.","This act had also influenced Charles, who had been ""In Search of love in those days"" when he first met Sebastian, ""That Low Door in the wall... which opened on an enclosed and Enchanted Garden, "", an important metaphor in the book.","This act had also influenced charles, who had been ""in search of love in those days"" when he first met sebastian, ""that low door in the wall... which opened on an enclosed and enchanted garden, "", an important metaphor in the book."
simpeval-00043,3,81-100,84,0.2663309389890374,new_simple_wiki,12,"Waugh writes that Charles had been ""in search of love in those days"" when he first met Sebastian, finding ""that low door in the wall... which opened on an enclosed and enchanted garden"", a metaphor that informs the work on a number of levels.","This act had also influenced Charles, who had been ""In Search of love in those days"" when he first met Sebastian, ""That Low Door in the wall... which opened on an enclosed and Enchanted Garden, "", an important metaphor in the book.","This act had also influenced charles, who had been ""in search of love in those days"" when he first met sebastian, ""that low door in the wall... which opened on an enclosed and enchanted garden, "", an important metaphor in the book."
simpeval-00044,4,61-80,68,0.0494613104864704,new_simple_wiki,12,"Waugh writes that Charles had been ""in search of love in those days"" when he first met Sebastian, finding ""that low door in the wall... which opened on an enclosed and enchanted garden"", a metaphor that informs the work on a number of levels.","This act had also influenced Charles, who had been ""In Search of love in those days"" when he first met Sebastian, ""That Low Door in the wall... which opened on an enclosed and Enchanted Garden, "", an important metaphor in the book.","This act had also influenced charles, who had been ""in search of love in those days"" when he first met sebastian, ""that low door in the wall... which opened on an enclosed and enchanted garden, "", an important metaphor in the book."
simpeval-00045,5,81-100,88,0.4457712686882711,new_simple_wiki,12,"Waugh writes that Charles had been ""in search of love in those days"" when he first met Sebastian, finding ""that low door in the wall... which opened on an enclosed and enchanted garden"", a metaphor that informs the work on a number of levels.","This act had also influenced Charles, who had been ""In Search of love in those days"" when he first met Sebastian, ""That Low Door in the wall... which opened on an enclosed and Enchanted Garden, "", an important metaphor in the book.","This act had also influenced charles, who had been ""in search of love in those days"" when he first met sebastian, ""that low door in the wall... which opened on an enclosed and enchanted garden, "", an important metaphor in the book."
simpeval-00046,1,61-80,70,0.3956317845834124,asset.test.simp,12,"Waugh writes that Charles had been ""in search of love in those days"" when he first met Sebastian, finding ""that low door in the wall... which opened on an enclosed and enchanted garden"", a metaphor that informs the work on a number of levels.","Waugh says that Charles was ""In Search of love in those days"" when he first met Sebastian. He found that ""low door in the wall... which opened on an enclosed and Enchanted Garden"", a symbol that educates the work on many levels.","Waugh says that Charles was ""in search of love in those days"" when he first met Sebastian. || He found that ""low door in the wall... which opened on an enclosed and enchanted garden"", a symbol that educates the work on many levels."
simpeval-00047,2,81-100,85,0.5731000653743273,asset.test.simp,12,"Waugh writes that Charles had been ""in search of love in those days"" when he first met Sebastian, finding ""that low door in the wall... which opened on an enclosed and enchanted garden"", a metaphor that informs the work on a number of levels.","Waugh says that Charles was ""In Search of love in those days"" when he first met Sebastian. He found that ""low door in the wall... which opened on an enclosed and Enchanted Garden"", a symbol that educates the work on many levels.","Waugh says that Charles was ""in search of love in those days"" when he first met Sebastian. || He found that ""low door in the wall... which opened on an enclosed and enchanted garden"", a symbol that educates the work on many levels."
simpeval-00048,3,81-100,92,0.8267916691848242,asset.test.simp,12,"Waugh writes that Charles had been ""in search of love in those days"" when he first met Sebastian, finding ""that low door in the wall... which opened on an enclosed and enchanted garden"", a metaphor that informs the work on a number of levels.","Waugh says that Charles was ""In Search of love in those days"" when he first met Sebastian. He found that ""low door in the wall... which opened on an enclosed and Enchanted Garden"", a symbol that educates the work on many levels.","Waugh says that Charles was ""in search of love in those days"" when he first met Sebastian. || He found that ""low door in the wall... which opened on an enclosed and enchanted garden"", a symbol that educates the work on many levels."
simpeval-00049,4,61-80,75,0.3326058749330615,asset.test.simp,12,"Waugh writes that Charles had been ""in search of love in those days"" when he first met Sebastian, finding ""that low door in the wall... which opened on an enclosed and enchanted garden"", a metaphor that informs the work on a number of levels.","Waugh says that Charles was ""In Search of love in those days"" when he first met Sebastian. He found that ""low door in the wall... which opened on an enclosed and Enchanted Garden"", a symbol that educates the work on many levels.","Waugh says that Charles was ""in search of love in those days"" when he first met Sebastian. || He found that ""low door in the wall... which opened on an enclosed and enchanted garden"", a symbol that educates the work on many levels."
simpeval-00050,5,81-100,95,0.6959555861266069,asset.test.simp,12,"Waugh writes that Charles had been ""in search of love in those days"" when he first met Sebastian, finding ""that low door in the wall... which opened on an enclosed and enchanted garden"", a metaphor that informs the work on a number of levels.","Waugh says that Charles was ""In Search of love in those days"" when he first met Sebastian. He found that ""low door in the wall... which opened on an enclosed and Enchanted Garden"", a symbol that educates the work on many levels.","Waugh says that Charles was ""in search of love in those days"" when he first met Sebastian. || He found that ""low door in the wall... which opened on an enclosed and enchanted garden"", a symbol that educates the work on many levels."
simpeval-00051,1,21-40,40,-1.440644212926083,SEMoses_all,12,"Waugh writes that Charles had been ""in search of love in those days"" when he first met Sebastian, finding ""that low door in the wall... which opened on an enclosed and enchanted garden"", a metaphor that informs the work on a number of levels.",Waugh writes. That Charles had been. He first met Sebastian. He finding that low door in the wall. He opened on an enclosed and enchanted garden. A metaphor that informs the work on a number of levels.,Waugh writes. || that Charles had been. || he first met Sebastian. || he finding that low door in the wall. || he opened on an enclosed and enchanted garden. || a metaphor that informs the work on a number of levels.
simpeval-00052,2,61-80,72,-0.972348999068555,SEMoses_all,12,"Waugh writes that Charles had been ""in search of love in those days"" when he first met Sebastian, finding ""that low door in the wall... which opened on an enclosed and enchanted garden"", a metaphor that informs the work on a number of levels.",Waugh writes. That Charles had been. He first met Sebastian. He finding that low door in the wall. He opened on an enclosed and enchanted garden. A metaphor that informs the work on a number of levels.,Waugh writes. || that Charles had been. || he first met Sebastian. || he finding that low door in the wall. || he opened on an enclosed and enchanted garden. || a metaphor that informs the work on a number of levels.
simpeval-00053,3,21-40,30,-3.516778989832523,SEMoses_all,12,"Waugh writes that Charles had been ""in search of love in those days"" when he first met Sebastian, finding ""that low door in the wall... which opened on an enclosed and enchanted garden"", a metaphor that informs the work on a number of levels.",Waugh writes. That Charles had been. He first met Sebastian. He finding that low door in the wall. He opened on an enclosed and enchanted garden. A metaphor that informs the work on a number of levels.,Waugh writes. || that Charles had been. || he first met Sebastian. || he finding that low door in the wall. || he opened on an enclosed and enchanted garden. || a metaphor that informs the work on a number of levels.
simpeval-00054,4,0-20,20,-1.892101417147297,SEMoses_all,12,"Waugh writes that Charles had been ""in search of love in those days"" when he first met Sebastian, finding ""that low door in the wall... which opened on an enclosed and enchanted garden"", a metaphor that informs the work on a number of levels.",Waugh writes. That Charles had been. He first met Sebastian. He finding that low door in the wall. He opened on an enclosed and enchanted garden. A metaphor that informs the work on a number of levels.,Waugh writes. || that Charles had been. || he first met Sebastian. || he finding that low door in the wall. || he opened on an enclosed and enchanted garden. || a metaphor that informs the work on a number of levels.
simpeval-00055,5,0-20,20,-1.9845906721412765,SEMoses_all,12,"Waugh writes that Charles had been ""in search of love in those days"" when he first met Sebastian, finding ""that low door in the wall... which opened on an enclosed and enchanted garden"", a metaphor that informs the work on a number of levels.",Waugh writes. That Charles had been. He first met Sebastian. He finding that low door in the wall. He opened on an enclosed and enchanted garden. A metaphor that informs the work on a number of levels.,Waugh writes. || that Charles had been. || he first met Sebastian. || he finding that low door in the wall. || he opened on an enclosed and enchanted garden. || a metaphor that informs the work on a number of levels.
simpeval-00056,1,61-80,77,0.8240961840022948,T5-3B,12,"Waugh writes that Charles had been ""in search of love in those days"" when he first met Sebastian, finding ""that low door in the wall... which opened on an enclosed and enchanted garden"", a metaphor that informs the work on a number of levels.","Waugh writes that Charles had been ""In Search of love in those days"" when he first met Sebastian. He found ""That Low Door in the wall... which opened on an enclosed and Enchanted Garden "".","Waugh writes that Charles had been ""in search of love in those days"" when he first met Sebastian. || He found ""that low door in the wall... which opened on an enclosed and enchanted garden ""."
simpeval-00057,2,81-100,85,0.5731000653743273,T5-3B,12,"Waugh writes that Charles had been ""in search of love in those days"" when he first met Sebastian, finding ""that low door in the wall... which opened on an enclosed and enchanted garden"", a metaphor that informs the work on a number of levels.","Waugh writes that Charles had been ""In Search of love in those days"" when he first met Sebastian. He found ""That Low Door in the wall... which opened on an enclosed and Enchanted Garden "".","Waugh writes that Charles had been ""in search of love in those days"" when he first met Sebastian. || He found ""that low door in the wall... which opened on an enclosed and enchanted garden ""."
simpeval-00058,3,81-100,87,0.4765037128124574,T5-3B,12,"Waugh writes that Charles had been ""in search of love in those days"" when he first met Sebastian, finding ""that low door in the wall... which opened on an enclosed and enchanted garden"", a metaphor that informs the work on a number of levels.","Waugh writes that Charles had been ""In Search of love in those days"" when he first met Sebastian. He found ""That Low Door in the wall... which opened on an enclosed and Enchanted Garden "".","Waugh writes that Charles had been ""in search of love in those days"" when he first met Sebastian. || He found ""that low door in the wall... which opened on an enclosed and enchanted garden ""."
simpeval-00059,4,61-80,62,-0.1932340304677504,T5-3B,12,"Waugh writes that Charles had been ""in search of love in those days"" when he first met Sebastian, finding ""that low door in the wall... which opened on an enclosed and enchanted garden"", a metaphor that informs the work on a number of levels.","Waugh writes that Charles had been ""In Search of love in those days"" when he first met Sebastian. He found ""That Low Door in the wall... which opened on an enclosed and Enchanted Garden "".","Waugh writes that Charles had been ""in search of love in those days"" when he first met Sebastian. || He found ""that low door in the wall... which opened on an enclosed and enchanted garden ""."
simpeval-00060,5,61-80,80,0.1598463344730301,T5-3B,12,"Waugh writes that Charles had been ""in search of love in those days"" when he first met Sebastian, finding ""that low door in the wall... which opened on an enclosed and enchanted garden"", a metaphor that informs the work on a number of levels.","Waugh writes that Charles had been ""In Search of love in those days"" when he first met Sebastian. He found ""That Low Door in the wall... which opened on an enclosed and Enchanted Garden "".","Waugh writes that Charles had been ""in search of love in those days"" when he first met Sebastian. || He found ""that low door in the wall... which opened on an enclosed and enchanted garden ""."
simpeval-00061,1,81-100,100,2.231907782092908,asset.test.simp,19,This was absorbed into battalions being formed for XI International Brigade.,The XI International Brigade's battalions absorbed it.,The XI International Brigade's battalions absorbed it.
simpeval-00062,2,81-100,95,1.7619070380226984,asset.test.simp,19,This was absorbed into battalions being formed for XI International Brigade.,The XI International Brigade's battalions absorbed it.,The XI International Brigade's battalions absorbed it.
simpeval-00063,3,81-100,100,1.387252399380611,asset.test.simp,19,This was absorbed into battalions being formed for XI International Brigade.,The XI International Brigade's battalions absorbed it.,The XI International Brigade's battalions absorbed it.
simpeval-00064,4,81-100,90,0.939344227318614,asset.test.simp,19,This was absorbed into battalions being formed for XI International Brigade.,The XI International Brigade's battalions absorbed it.,The XI International Brigade's battalions absorbed it.
simpeval-00065,5,61-80,80,0.1598463344730301,asset.test.simp,19,This was absorbed into battalions being formed for XI International Brigade.,The XI International Brigade's battalions absorbed it.,The XI International Brigade's battalions absorbed it.
simpeval-00066,1,61-80,80,1.0077237837532445,lstm_w_split,19,This was absorbed into battalions being formed for XI International Brigade.,This was part of battalions being formed for XI International Brigade.,This was part of battalions being formed for xi international brigade.
simpeval-00067,2,81-100,86,0.6919807626391645,lstm_w_split,19,This was absorbed into battalions being formed for XI International Brigade.,This was part of battalions being formed for XI International Brigade.,This was part of battalions being formed for xi international brigade.
simpeval-00068,3,81-100,92,0.8267916691848242,lstm_w_split,19,This was absorbed into battalions being formed for XI International Brigade.,This was part of battalions being formed for XI International Brigade.,This was part of battalions being formed for xi international brigade.
simpeval-00069,4,81-100,88,0.8584457803338735,lstm_w_split,19,This was absorbed into battalions being formed for XI International Brigade.,This was part of battalions being formed for XI International Brigade.,This was part of battalions being formed for xi international brigade.
simpeval-00070,5,81-100,95,0.6959555861266069,lstm_w_split,19,This was absorbed into battalions being formed for XI International Brigade.,This was part of battalions being formed for XI International Brigade.,This was part of battalions being formed for xi international brigade.
simpeval-00071,1,61-80,75,0.7016777841683284,new_simple_wiki,19,This was absorbed into battalions being formed for XI International Brigade.,This was joined into battalions being formed for XI International Brigade.,This was joined into battalions being formed for xi international brigade.
simpeval-00072,2,61-80,76,-0.4968262100092065,new_simple_wiki,19,This was absorbed into battalions being formed for XI International Brigade.,This was joined into battalions being formed for XI International Brigade.,This was joined into battalions being formed for xi international brigade.
simpeval-00073,3,61-80,76,-0.2941297912067493,new_simple_wiki,19,This was absorbed into battalions being formed for XI International Brigade.,This was joined into battalions being formed for XI International Brigade.,This was joined into battalions being formed for xi international brigade.
simpeval-00074,4,81-100,82,0.6157504393796527,new_simple_wiki,19,This was absorbed into battalions being formed for XI International Brigade.,This was joined into battalions being formed for XI International Brigade.,This was joined into battalions being formed for xi international brigade.
simpeval-00075,5,81-100,95,0.6959555861266069,new_simple_wiki,19,This was absorbed into battalions being formed for XI International Brigade.,This was joined into battalions being formed for XI International Brigade.,This was joined into battalions being formed for xi international brigade.
simpeval-00076,1,41-60,52,-0.7061338139222848,T5-3B,19,This was absorbed into battalions being formed for XI International Brigade.,This was changed into battalions being formed for XI International Brigade.,This was changed into battalions being formed for XI International Brigade.
simpeval-00077,2,61-80,77,-0.3779455127443695,T5-3B,19,This was absorbed into battalions being formed for XI International Brigade.,This was changed into battalions being formed for XI International Brigade.,This was changed into battalions being formed for XI International Brigade.
simpeval-00078,3,81-100,90,0.6866764866358774,T5-3B,19,This was absorbed into battalions being formed for XI International Brigade.,This was changed into battalions being formed for XI International Brigade.,This was changed into battalions being formed for XI International Brigade.
simpeval-00079,4,61-80,65,-0.0718863599906399,T5-3B,19,This was absorbed into battalions being formed for XI International Brigade.,This was changed into battalions being formed for XI International Brigade.,This was changed into battalions being formed for XI International Brigade.
simpeval-00080,5,81-100,88,0.4457712686882711,T5-3B,19,This was absorbed into battalions being formed for XI International Brigade.,This was changed into battalions being formed for XI International Brigade.,This was changed into battalions being formed for XI International Brigade.
simpeval-00081,1,21-40,35,-1.746690212510999,SEMoses_all,19,This was absorbed into battalions being formed for XI International Brigade.,This was absorbed into. Battalions being formed for XI International LF.,This was absorbed into. || battalions being formed for XI international LF.
simpeval-00082,2,61-80,70,-1.2101103935982291,SEMoses_all,19,This was absorbed into battalions being formed for XI International Brigade.,This was absorbed into. Battalions being formed for XI International LF.,This was absorbed into. || battalions being formed for XI international LF.
simpeval-00083,3,41-60,60,-1.415051251598323,SEMoses_all,19,This was absorbed into battalions being formed for XI International Brigade.,This was absorbed into. Battalions being formed for XI International LF.,This was absorbed into. || battalions being formed for XI international LF.
simpeval-00084,4,21-40,35,-1.285363064761745,SEMoses_all,19,This was absorbed into battalions being formed for XI International Brigade.,This was absorbed into. Battalions being formed for XI International LF.,This was absorbed into. || battalions being formed for XI international LF.
simpeval-00085,5,41-60,50,-0.9123721688341232,SEMoses_all,19,This was absorbed into battalions being formed for XI International Brigade.,This was absorbed into. Battalions being formed for XI International LF.,This was absorbed into. || battalions being formed for XI international LF.
simpeval-00086,1,0-20,0,-3.8890122096054105,scramble_words,19,This was absorbed into battalions being formed for XI International Brigade.,Being Brigade. Absorbed into battalions this formed for XI International was,Being Brigade. || absorbed into battalions This formed for XI International was
simpeval-00087,2,61-80,65,-1.8045138799224147,scramble_words,19,This was absorbed into battalions being formed for XI International Brigade.,Being Brigade. Absorbed into battalions this formed for XI International was,Being Brigade. || absorbed into battalions This formed for XI International was
simpeval-00088,3,21-40,40,-2.8162030770877897,scramble_words,19,This was absorbed into battalions being formed for XI International Brigade.,Being Brigade. Absorbed into battalions this formed for XI International was,Being Brigade. || absorbed into battalions This formed for XI International was
simpeval-00089,4,0-20,5,-2.4988397695328493,scramble_words,19,This was absorbed into battalions being formed for XI International Brigade.,Being Brigade. Absorbed into battalions this formed for XI International was,Being Brigade. || absorbed into battalions This formed for XI International was
simpeval-00090,5,0-20,10,-2.341996839910328,scramble_words,19,This was absorbed into battalions being formed for XI International Brigade.,Being Brigade. Absorbed into battalions this formed for XI International was,Being Brigade. || absorbed into battalions This formed for XI International was
simpeval-00091,1,81-100,90,1.6198157829230762,asset.test.simp,20,The SAT Reasoning Test (formerly Scholastic Aptitude Test and Scholastic Assessment Test) is a standardized test for college admissions in the United States.,The sat reasoning test is a standardized test for college admissions in the United States.,The SAT Reasoning test is a standardized test for college admissions in the United States.
simpeval-00092,2,81-100,88,0.9297421571688388,asset.test.simp,20,The SAT Reasoning Test (formerly Scholastic Aptitude Test and Scholastic Assessment Test) is a standardized test for college admissions in the United States.,The sat reasoning test is a standardized test for college admissions in the United States.,The SAT Reasoning test is a standardized test for college admissions in the United States.
simpeval-00093,3,81-100,90,0.6866764866358774,asset.test.simp,20,The SAT Reasoning Test (formerly Scholastic Aptitude Test and Scholastic Assessment Test) is a standardized test for college admissions in the United States.,The sat reasoning test is a standardized test for college admissions in the United States.,The SAT Reasoning test is a standardized test for college admissions in the United States.
simpeval-00094,4,81-100,90,0.939344227318614,asset.test.simp,20,The SAT Reasoning Test (formerly Scholastic Aptitude Test and Scholastic Assessment Test) is a standardized test for college admissions in the United States.,The sat reasoning test is a standardized test for college admissions in the United States.,The SAT Reasoning test is a standardized test for college admissions in the United States.
simpeval-00095,5,81-100,98,0.8031774364573222,asset.test.simp,20,The SAT Reasoning Test (formerly Scholastic Aptitude Test and Scholastic Assessment Test) is a standardized test for college admissions in the United States.,The sat reasoning test is a standardized test for college admissions in the United States.,The SAT Reasoning test is a standardized test for college admissions in the United States.
simpeval-00096,1,21-40,35,-1.746690212510999,lstm_w_split,20,The SAT Reasoning Test (formerly Scholastic Aptitude Test and Scholastic Assessment Test) is a standardized test for college admissions in the United States.,The SAT the test ( formerly the The Test and the assessment test ) is a test for college admissions for college admissions.,The sat the test ( formerly the the test and the assessment test ) is a test for college admissions for college admissions.
simpeval-00097,2,61-80,74,-0.7345876045388808,lstm_w_split,20,The SAT Reasoning Test (formerly Scholastic Aptitude Test and Scholastic Assessment Test) is a standardized test for college admissions in the United States.,The SAT the test ( formerly the The Test and the assessment test ) is a test for college admissions for college admissions.,The sat the test ( formerly the the test and the assessment test ) is a test for college admissions for college admissions.
simpeval-00098,3,41-60,50,-2.1156271643430564,lstm_w_split,20,The SAT Reasoning Test (formerly Scholastic Aptitude Test and Scholastic Assessment Test) is a standardized test for college admissions in the United States.,The SAT the test ( formerly the The Test and the assessment test ) is a test for college admissions for college admissions.,The sat the test ( formerly the the test and the assessment test ) is a test for college admissions for college admissions.
simpeval-00099,4,0-20,5,-2.4988397695328493,lstm_w_split,20,The SAT Reasoning Test (formerly Scholastic Aptitude Test and Scholastic Assessment Test) is a standardized test for college admissions in the United States.,The SAT the test ( formerly the The Test and the assessment test ) is a test for college admissions for college admissions.,The sat the test ( formerly the the test and the assessment test ) is a test for college admissions for college admissions.
simpeval-00100,5,0-20,0,-2.6994030076793787,lstm_w_split,20,The SAT Reasoning Test (formerly Scholastic Aptitude Test and Scholastic Assessment Test) is a standardized test for college admissions in the United States.,The SAT the test ( formerly the The Test and the assessment test ) is a test for college admissions for college admissions.,The sat the test ( formerly the the test and the assessment test ) is a test for college admissions for college admissions.
simpeval-00101,1,81-100,90,1.6198157829230762,T5-3B,20,The SAT Reasoning Test (formerly Scholastic Aptitude Test and Scholastic Assessment Test) is a standardized test for college admissions in the United States.,The sat reasoning test is a standardized test for college admissions in the United States.,The SAT Reasoning Test is a standardized test for college admissions in the United States.
simpeval-00102,2,81-100,87,0.8108614599040016,T5-3B,20,The SAT Reasoning Test (formerly Scholastic Aptitude Test and Scholastic Assessment Test) is a standardized test for college admissions in the United States.,The sat reasoning test is a standardized test for college admissions in the United States.,The SAT Reasoning Test is a standardized test for college admissions in the United States.
simpeval-00103,3,81-100,90,0.6866764866358774,T5-3B,20,The SAT Reasoning Test (formerly Scholastic Aptitude Test and Scholastic Assessment Test) is a standardized test for college admissions in the United States.,The sat reasoning test is a standardized test for college admissions in the United States.,The SAT Reasoning Test is a standardized test for college admissions in the United States.
simpeval-00104,4,81-100,90,0.939344227318614,T5-3B,20,The SAT Reasoning Test (formerly Scholastic Aptitude Test and Scholastic Assessment Test) is a standardized test for college admissions in the United States.,The sat reasoning test is a standardized test for college admissions in the United States.,The SAT Reasoning Test is a standardized test for college admissions in the United States.
simpeval-00105,5,81-100,98,0.8031774364573222,T5-3B,20,The SAT Reasoning Test (formerly Scholastic Aptitude Test and Scholastic Assessment Test) is a standardized test for college admissions in the United States.,The sat reasoning test is a standardized test for college admissions in the United States.,The SAT Reasoning Test is a standardized test for college admissions in the United States.
simpeval-00106,1,21-40,25,-2.358782211680831,scramble_words,20,The SAT Reasoning Test (formerly Scholastic Aptitude Test and Scholastic Assessment Test) is a standardized test for college admissions in the United States.,The sat reasoning United Test Scholastic standardized test and scholastic the test) is a aptitude (formerly for college admissions in Assessment Test States.,The SAT Reasoning United test Scholastic standardized Test and Scholastic the Test) is a Aptitude (formerly for college admissions in Assessment Test States.
simpeval-00107,2,61-80,70,-1.2101103935982291,scramble_words,20,The SAT Reasoning Test (formerly Scholastic Aptitude Test and Scholastic Assessment Test) is a standardized test for college admissions in the United States.,The sat reasoning United Test Scholastic standardized test and scholastic the test) is a aptitude (formerly for college admissions in Assessment Test States.,The SAT Reasoning United test Scholastic standardized Test and Scholastic the Test) is a Aptitude (formerly for college admissions in Assessment Test States.
simpeval-00108,3,21-40,40,-2.8162030770877897,scramble_words,20,The SAT Reasoning Test (formerly Scholastic Aptitude Test and Scholastic Assessment Test) is a standardized test for college admissions in the United States.,The sat reasoning United Test Scholastic standardized test and scholastic the test) is a aptitude (formerly for college admissions in Assessment Test States.,The SAT Reasoning United test Scholastic standardized Test and Scholastic the Test) is a Aptitude (formerly for college admissions in Assessment Test States.
simpeval-00109,4,0-20,0,-2.7010858869947,scramble_words,20,The SAT Reasoning Test (formerly Scholastic Aptitude Test and Scholastic Assessment Test) is a standardized test for college admissions in the United States.,The sat reasoning United Test Scholastic standardized test and scholastic the test) is a aptitude (formerly for college admissions in Assessment Test States.,The SAT Reasoning United test Scholastic standardized Test and Scholastic the Test) is a Aptitude (formerly for college admissions in Assessment Test States.
simpeval-00110,5,0-20,0,-2.6994030076793787,scramble_words,20,The SAT Reasoning Test (formerly Scholastic Aptitude Test and Scholastic Assessment Test) is a standardized test for college admissions in the United States.,The sat reasoning United Test Scholastic standardized test and scholastic the test) is a aptitude (formerly for college admissions in Assessment Test States.,The SAT Reasoning United test Scholastic standardized Test and Scholastic the Test) is a Aptitude (formerly for college admissions in Assessment Test States.
simpeval-00111,1,61-80,64,0.0283765850815133,new_simple_wiki,20,The SAT Reasoning Test (formerly Scholastic Aptitude Test and Scholastic Assessment Test) is a standardized test for college admissions in the United States.,The sat reasoning test (used to be called Scholastic Aptitude Test and Scholastic Assessment Test) is a test for college admissions in the United States.,The sat reasoning test (used to be called scholastic aptitude test and scholastic assessment test) is a test for college admissions in the united states.
simpeval-00112,2,61-80,79,-0.1401841182146952,new_simple_wiki,20,The SAT Reasoning Test (formerly Scholastic Aptitude Test and Scholastic Assessment Test) is a standardized test for college admissions in the United States.,The sat reasoning test (used to be called Scholastic Aptitude Test and Scholastic Assessment Test) is a test for college admissions in the United States.,The sat reasoning test (used to be called scholastic aptitude test and scholastic assessment test) is a test for college admissions in the united states.
simpeval-00113,3,81-100,90,0.6866764866358774,new_simple_wiki,20,The SAT Reasoning Test (formerly Scholastic Aptitude Test and Scholastic Assessment Test) is a standardized test for college admissions in the United States.,The sat reasoning test (used to be called Scholastic Aptitude Test and Scholastic Assessment Test) is a test for college admissions in the United States.,The sat reasoning test (used to be called scholastic aptitude test and scholastic assessment test) is a test for college admissions in the united states.
simpeval-00114,4,61-80,80,0.5348519923949123,new_simple_wiki,20,The SAT Reasoning Test (formerly Scholastic Aptitude Test and Scholastic Assessment Test) is a standardized test for college admissions in the United States.,The sat reasoning test (used to be called Scholastic Aptitude Test and Scholastic Assessment Test) is a test for college admissions in the United States.,The sat reasoning test (used to be called scholastic aptitude test and scholastic assessment test) is a test for college admissions in the united states.
simpeval-00115,5,81-100,94,0.6602149693497018,new_simple_wiki,20,The SAT Reasoning Test (formerly Scholastic Aptitude Test and Scholastic Assessment Test) is a standardized test for college admissions in the United States.,The sat reasoning test (used to be called Scholastic Aptitude Test and Scholastic Assessment Test) is a test for college admissions in the United States.,The sat reasoning test (used to be called scholastic aptitude test and scholastic assessment test) is a test for college admissions in the united states.
simpeval-00116,1,0-20,20,-2.664828211265746,SEMoses_all,20,The SAT Reasoning Test (formerly Scholastic Aptitude Test and Scholastic Assessment Test) is a standardized test for college admissions in the United States.,The sat reasoning test formerly Scholastic is a standardized test for college admissions. (.,The sat reasoning test formerly scholastic is a standardized test for college admissions. || (.
simpeval-00117,2,61-80,65,-1.8045138799224147,SEMoses_all,20,The SAT Reasoning Test (formerly Scholastic Aptitude Test and Scholastic Assessment Test) is a standardized test for college admissions in the United States.,The sat reasoning test formerly Scholastic is a standardized test for college admissions. (.,The sat reasoning test formerly scholastic is a standardized test for college admissions. || (.
simpeval-00118,3,61-80,75,-0.3641873824812227,SEMoses_all,20,The SAT Reasoning Test (formerly Scholastic Aptitude Test and Scholastic Assessment Test) is a standardized test for college admissions in the United States.,The sat reasoning test formerly Scholastic is a standardized test for college admissions. (.,The sat reasoning test formerly scholastic is a standardized test for college admissions. || (.
simpeval-00119,4,41-60,60,-0.2741324774524907,SEMoses_all,20,The SAT Reasoning Test (formerly Scholastic Aptitude Test and Scholastic Assessment Test) is a standardized test for college admissions in the United States.,The sat reasoning test formerly Scholastic is a standardized test for college admissions. (.,The sat reasoning test formerly scholastic is a standardized test for college admissions. || (.
simpeval-00120,5,0-20,20,-1.9845906721412765,SEMoses_all,20,The SAT Reasoning Test (formerly Scholastic Aptitude Test and Scholastic Assessment Test) is a standardized test for college admissions in the United States.,The sat reasoning test formerly Scholastic is a standardized test for college admissions. (.,The sat reasoning test formerly scholastic is a standardized test for college admissions. || (.
simpeval-00121,1,61-80,65,0.0895857849984965,asset.test.simp,21,The sheer weight of the continental icecap sitting on top of Lake Vostok is believed to contribute to the high oxygen concentration.,The weight of the continental icecap on Lake Vostok is thought to contribute to the high oxygen concentration.,The weight of the continental icecap on Lake Vostok is thought to contribute to the high oxygen concentration.
simpeval-00122,2,81-100,81,0.0975772763149789,asset.test.simp,21,The sheer weight of the continental icecap sitting on top of Lake Vostok is believed to contribute to the high oxygen concentration.,The weight of the continental icecap on Lake Vostok is thought to contribute to the high oxygen concentration.,The weight of the continental icecap on Lake Vostok is thought to contribute to the high oxygen concentration.
simpeval-00123,3,81-100,95,1.036964443008244,asset.test.simp,21,The sheer weight of the continental icecap sitting on top of Lake Vostok is believed to contribute to the high oxygen concentration.,The weight of the continental icecap on Lake Vostok is thought to contribute to the high oxygen concentration.,The weight of the continental icecap on Lake Vostok is thought to contribute to the high oxygen concentration.
simpeval-00124,4,81-100,95,1.1415903447804647,asset.test.simp,21,The sheer weight of the continental icecap sitting on top of Lake Vostok is believed to contribute to the high oxygen concentration.,The weight of the continental icecap on Lake Vostok is thought to contribute to the high oxygen concentration.,The weight of the continental icecap on Lake Vostok is thought to contribute to the high oxygen concentration.
simpeval-00125,5,81-100,95,0.6959555861266069,asset.test.simp,21,The sheer weight of the continental icecap sitting on top of Lake Vostok is believed to contribute to the high oxygen concentration.,The weight of the continental icecap on Lake Vostok is thought to contribute to the high oxygen concentration.,The weight of the continental icecap on Lake Vostok is thought to contribute to the high oxygen concentration.
simpeval-00126,1,41-60,57,-0.4000878143373689,lstm_w_split,21,The sheer weight of the continental icecap sitting on top of Lake Vostok is believed to contribute to the high oxygen concentration.,The weight of the continental the sits on top of Lake Vostok.,The weight of the continental the sits on top of lake vostok.
simpeval-00127,2,61-80,72,-0.972348999068555,lstm_w_split,21,The sheer weight of the continental icecap sitting on top of Lake Vostok is believed to contribute to the high oxygen concentration.,The weight of the continental the sits on top of Lake Vostok.,The weight of the continental the sits on top of lake vostok.
simpeval-00128,3,41-60,60,-1.415051251598323,lstm_w_split,21,The sheer weight of the continental icecap sitting on top of Lake Vostok is believed to contribute to the high oxygen concentration.,The weight of the continental the sits on top of Lake Vostok.,The weight of the continental the sits on top of lake vostok.
simpeval-00129,4,0-20,15,-2.094347534609148,lstm_w_split,21,The sheer weight of the continental icecap sitting on top of Lake Vostok is believed to contribute to the high oxygen concentration.,The weight of the continental the sits on top of Lake Vostok.,The weight of the continental the sits on top of lake vostok.
simpeval-00130,5,0-20,5,-2.520699923794853,lstm_w_split,21,The sheer weight of the continental icecap sitting on top of Lake Vostok is believed to contribute to the high oxygen concentration.,The weight of the continental the sits on top of Lake Vostok.,The weight of the continental the sits on top of lake vostok.
simpeval-00131,1,41-60,45,-1.1345982133411672,scramble_words,21,The sheer weight of the continental icecap sitting on top of Lake Vostok is believed to contribute to the high oxygen concentration.,Contribute to weight of the continental icecap sitting on top Vostok Lake of is believed sheer the to the oxygen high concentration.,Contribute to weight of the continental icecap sitting on top Vostok Lake of is believed sheer The to the oxygen high concentration.
simpeval-00132,2,61-80,75,-0.6157069072740436,scramble_words,21,The sheer weight of the continental icecap sitting on top of Lake Vostok is believed to contribute to the high oxygen concentration.,Contribute to weight of the continental icecap sitting on top Vostok Lake of is believed sheer the to the oxygen high concentration.,Contribute to weight of the continental icecap sitting on top Vostok Lake of is believed sheer The to the oxygen high concentration.
simpeval-00133,3,21-40,40,-2.8162030770877897,scramble_words,21,The sheer weight of the continental icecap sitting on top of Lake Vostok is believed to contribute to the high oxygen concentration.,Contribute to weight of the continental icecap sitting on top Vostok Lake of is believed sheer the to the oxygen high concentration.,Contribute to weight of the continental icecap sitting on top Vostok Lake of is believed sheer The to the oxygen high concentration.
simpeval-00134,4,0-20,0,-2.7010858869947,scramble_words,21,The sheer weight of the continental icecap sitting on top of Lake Vostok is believed to contribute to the high oxygen concentration.,Contribute to weight of the continental icecap sitting on top Vostok Lake of is believed sheer the to the oxygen high concentration.,Contribute to weight of the continental icecap sitting on top Vostok Lake of is believed sheer The to the oxygen high concentration.
simpeval-00135,5,0-20,0,-2.6994030076793787,scramble_words,21,The sheer weight of the continental icecap sitting on top of Lake Vostok is believed to contribute to the high oxygen concentration.,Contribute to weight of the continental icecap sitting on top Vostok Lake of is believed sheer the to the oxygen high concentration.,Contribute to weight of the continental icecap sitting on top Vostok Lake of is believed sheer The to the oxygen high concentration.
simpeval-00136,1,61-80,77,0.8240961840022948,new_simple_wiki,21,The sheer weight of the continental icecap sitting on top of Lake Vostok is believed to contribute to the high oxygen concentration.,The weight of the ice on top of Lake Vostok is believed to add to the high concentration of oxygen.,The weight of the ice on top of lake vostok is believed to add to the high concentration of oxygen.
simpeval-00137,2,81-100,90,1.1675035516985128,new_simple_wiki,21,The sheer weight of the continental icecap sitting on top of Lake Vostok is believed to contribute to the high oxygen concentration.,The weight of the ice on top of Lake Vostok is believed to add to the high concentration of oxygen.,The weight of the ice on top of lake vostok is believed to add to the high concentration of oxygen.
simpeval-00138,3,81-100,92,0.8267916691848242,new_simple_wiki,21,The sheer weight of the continental icecap sitting on top of Lake Vostok is believed to contribute to the high oxygen concentration.,The weight of the ice on top of Lake Vostok is believed to add to the high concentration of oxygen.,The weight of the ice on top of lake vostok is believed to add to the high concentration of oxygen.
simpeval-00139,4,81-100,98,1.262938015257575,new_simple_wiki,21,The sheer weight of the continental icecap sitting on top of Lake Vostok is believed to contribute to the high oxygen concentration.,The weight of the ice on top of Lake Vostok is believed to add to the high concentration of oxygen.,The weight of the ice on top of lake vostok is believed to add to the high concentration of oxygen.
simpeval-00140,5,81-100,100,0.8746586700111324,new_simple_wiki,21,The sheer weight of the continental icecap sitting on top of Lake Vostok is believed to contribute to the high oxygen concentration.,The weight of the ice on top of Lake Vostok is believed to add to the high concentration of oxygen.,The weight of the ice on top of lake vostok is believed to add to the high concentration of oxygen.
simpeval-00141,1,61-80,71,0.4568409845003957,T5-3B,21,The sheer weight of the continental icecap sitting on top of Lake Vostok is believed to contribute to the high oxygen concentration.,The sheer weight of the icecap sitting on top of Lake Vostok is believed to help the lake's high oxygen concentration.,The sheer weight of the icecap sitting on top of Lake Vostok is believed to help the lake's high oxygen concentration.
simpeval-00142,2,61-80,78,-0.2590648154795323,T5-3B,21,The sheer weight of the continental icecap sitting on top of Lake Vostok is believed to contribute to the high oxygen concentration.,The sheer weight of the icecap sitting on top of Lake Vostok is believed to help the lake's high oxygen concentration.,The sheer weight of the icecap sitting on top of Lake Vostok is believed to help the lake's high oxygen concentration.
simpeval-00143,3,81-100,84,0.2663309389890374,T5-3B,21,The sheer weight of the continental icecap sitting on top of Lake Vostok is believed to contribute to the high oxygen concentration.,The sheer weight of the icecap sitting on top of Lake Vostok is believed to help the lake's high oxygen concentration.,The sheer weight of the icecap sitting on top of Lake Vostok is believed to help the lake's high oxygen concentration.
simpeval-00144,4,61-80,72,0.2112582044559511,T5-3B,21,The sheer weight of the continental icecap sitting on top of Lake Vostok is believed to contribute to the high oxygen concentration.,The sheer weight of the icecap sitting on top of Lake Vostok is believed to help the lake's high oxygen concentration.,The sheer weight of the icecap sitting on top of Lake Vostok is believed to help the lake's high oxygen concentration.
simpeval-00145,5,81-100,98,0.8031774364573222,T5-3B,21,The sheer weight of the continental icecap sitting on top of Lake Vostok is believed to contribute to the high oxygen concentration.,The sheer weight of the icecap sitting on top of Lake Vostok is believed to help the lake's high oxygen concentration.,The sheer weight of the icecap sitting on top of Lake Vostok is believed to help the lake's high oxygen concentration.
simpeval-00146,1,41-60,52,-0.7061338139222848,SEMoses_all,21,The sheer weight of the continental icecap sitting on top of Lake Vostok is believed to contribute to the high oxygen concentration.,The sheer weight of the continental icecap sitting on top of Lake Vostok is believed to contribute to the high oxygen concentration. Lake Vostok believed to contribute to the high oxygen concentration. Lake Vostok contribute to the high oxygen concentration.,The sheer weight of the continental icecap sitting on top of lake Vostok is believed to contribute to the high oxygen concentration. || Lake Vostok believed to contribute to the high oxygen concentration. || Lake Vostok contribute to the high oxygen concentration.
simpeval-00147,2,61-80,70,-1.2101103935982291,SEMoses_all,21,The sheer weight of the continental icecap sitting on top of Lake Vostok is believed to contribute to the high oxygen concentration.,The sheer weight of the continental icecap sitting on top of Lake Vostok is believed to contribute to the high oxygen concentration. Lake Vostok believed to contribute to the high oxygen concentration. Lake Vostok contribute to the high oxygen concentration.,The sheer weight of the continental icecap sitting on top of lake Vostok is believed to contribute to the high oxygen concentration. || Lake Vostok believed to contribute to the high oxygen concentration. || Lake Vostok contribute to the high oxygen concentration.
simpeval-00148,3,41-60,60,-1.415051251598323,SEMoses_all,21,The sheer weight of the continental icecap sitting on top of Lake Vostok is believed to contribute to the high oxygen concentration.,The sheer weight of the continental icecap sitting on top of Lake Vostok is believed to contribute to the high oxygen concentration. Lake Vostok believed to contribute to the high oxygen concentration. Lake Vostok contribute to the high oxygen concentration.,The sheer weight of the continental icecap sitting on top of lake Vostok is believed to contribute to the high oxygen concentration. || Lake Vostok believed to contribute to the high oxygen concentration. || Lake Vostok contribute to the high oxygen concentration.
simpeval-00149,4,41-60,55,-0.4763785949143415,SEMoses_all,21,The sheer weight of the continental icecap sitting on top of Lake Vostok is believed to contribute to the high oxygen concentration.,The sheer weight of the continental icecap sitting on top of Lake Vostok is believed to contribute to the high oxygen concentration. Lake Vostok believed to contribute to the high oxygen concentration. Lake Vostok contribute to the high oxygen concentration.,The sheer weight of the continental icecap sitting on top of lake Vostok is believed to contribute to the high oxygen concentration. || Lake Vostok believed to contribute to the high oxygen concentration. || Lake Vostok contribute to the high oxygen concentration.
simpeval-00150,5,0-20,10,-2.341996839910328,SEMoses_all,21,The sheer weight of the continental icecap sitting on top of Lake Vostok is believed to contribute to the high oxygen concentration.,The sheer weight of the continental icecap sitting on top of Lake Vostok is believed to contribute to the high oxygen concentration. Lake Vostok believed to contribute to the high oxygen concentration. Lake Vostok contribute to the high oxygen concentration.,The sheer weight of the continental icecap sitting on top of lake Vostok is believed to contribute to the high oxygen concentration. || Lake Vostok believed to contribute to the high oxygen concentration. || Lake Vostok contribute to the high oxygen concentration.
simpeval-00151,1,81-100,90,1.6198157829230762,asset.test.simp,24,Gable also earned an Academy Award nomination when he portrayed Fletcher Christian in 1935's Mutiny on the Bounty.,"Gable also earned an Academy Award nomination in 1935 for playing Fletcher Christian in ""Mutiny on the Bounty"".","Gable also earned an Academy Award nomination in 1935 for playing Fletcher Christian in ""Mutiny on the Bounty""."
simpeval-00152,2,81-100,85,0.5731000653743273,asset.test.simp,24,Gable also earned an Academy Award nomination when he portrayed Fletcher Christian in 1935's Mutiny on the Bounty.,"Gable also earned an Academy Award nomination in 1935 for playing Fletcher Christian in ""Mutiny on the Bounty"".","Gable also earned an Academy Award nomination in 1935 for playing Fletcher Christian in ""Mutiny on the Bounty""."
simpeval-00153,3,81-100,98,1.247137216831664,asset.test.simp,24,Gable also earned an Academy Award nomination when he portrayed Fletcher Christian in 1935's Mutiny on the Bounty.,"Gable also earned an Academy Award nomination in 1935 for playing Fletcher Christian in ""Mutiny on the Bounty"".","Gable also earned an Academy Award nomination in 1935 for playing Fletcher Christian in ""Mutiny on the Bounty""."
simpeval-00154,4,81-100,81,0.5753012158872824,asset.test.simp,24,Gable also earned an Academy Award nomination when he portrayed Fletcher Christian in 1935's Mutiny on the Bounty.,"Gable also earned an Academy Award nomination in 1935 for playing Fletcher Christian in ""Mutiny on the Bounty"".","Gable also earned an Academy Award nomination in 1935 for playing Fletcher Christian in ""Mutiny on the Bounty""."
simpeval-00155,5,81-100,98,0.8031774364573222,asset.test.simp,24,Gable also earned an Academy Award nomination when he portrayed Fletcher Christian in 1935's Mutiny on the Bounty.,"Gable also earned an Academy Award nomination in 1935 for playing Fletcher Christian in ""Mutiny on the Bounty"".","Gable also earned an Academy Award nomination in 1935 for playing Fletcher Christian in ""Mutiny on the Bounty""."
simpeval-00156,1,61-80,75,0.7016777841683284,lstm_w_split,24,Gable also earned an Academy Award nomination when he portrayed Fletcher Christian in 1935's Mutiny on the Bounty.,Gable also earned an Academy Award nomination when he played Fletcher Christian in 1935's Mutiny on the Bounty.,Gable also earned an academy award nomination when he played fletcher christian in 1935 's mutiny on the bounty.
simpeval-00157,2,81-100,82,0.216457973579816,lstm_w_split,24,Gable also earned an Academy Award nomination when he portrayed Fletcher Christian in 1935's Mutiny on the Bounty.,Gable also earned an Academy Award nomination when he played Fletcher Christian in 1935's Mutiny on the Bounty.,Gable also earned an academy award nomination when he played fletcher christian in 1935 's mutiny on the bounty.
simpeval-00158,3,81-100,92,0.8267916691848242,lstm_w_split,24,Gable also earned an Academy Award nomination when he portrayed Fletcher Christian in 1935's Mutiny on the Bounty.,Gable also earned an Academy Award nomination when he played Fletcher Christian in 1935's Mutiny on the Bounty.,Gable also earned an academy award nomination when he played fletcher christian in 1935 's mutiny on the bounty.
simpeval-00159,4,61-80,79,0.4944027689025422,lstm_w_split,24,Gable also earned an Academy Award nomination when he portrayed Fletcher Christian in 1935's Mutiny on the Bounty.,Gable also earned an Academy Award nomination when he played Fletcher Christian in 1935's Mutiny on the Bounty.,Gable also earned an academy award nomination when he played fletcher christian in 1935 's mutiny on the bounty.
simpeval-00160,5,81-100,97,0.7674368196804171,lstm_w_split,24,Gable also earned an Academy Award nomination when he portrayed Fletcher Christian in 1935's Mutiny on the Bounty.,Gable also earned an Academy Award nomination when he played Fletcher Christian in 1935's Mutiny on the Bounty.,Gable also earned an academy award nomination when he played fletcher christian in 1935 's mutiny on the bounty.
simpeval-00161,1,21-40,25,-2.358782211680831,scramble_words,24,Gable also earned an Academy Award nomination when he portrayed Fletcher Christian in 1935's Mutiny on the Bounty.,Fletcher also earned an Academy Award nomination when Mutiny portrayed Gable Christian in 1935's he on the bounty.,Fletcher also earned an Academy Award nomination when Mutiny portrayed Gable Christian in 1935's he on the Bounty.
simpeval-00162,2,61-80,73,-0.8534683018037179,scramble_words,24,Gable also earned an Academy Award nomination when he portrayed Fletcher Christian in 1935's Mutiny on the Bounty.,Fletcher also earned an Academy Award nomination when Mutiny portrayed Gable Christian in 1935's he on the bounty.,Fletcher also earned an Academy Award nomination when Mutiny portrayed Gable Christian in 1935's he on the Bounty.
simpeval-00163,3,41-60,60,-1.415051251598323,scramble_words,24,Gable also earned an Academy Award nomination when he portrayed Fletcher Christian in 1935's Mutiny on the Bounty.,Fletcher also earned an Academy Award nomination when Mutiny portrayed Gable Christian in 1935's he on the bounty.,Fletcher also earned an Academy Award nomination when Mutiny portrayed Gable Christian in 1935's he on the Bounty.
simpeval-00164,4,21-40,25,-1.689855299685446,scramble_words,24,Gable also earned an Academy Award nomination when he portrayed Fletcher Christian in 1935's Mutiny on the Bounty.,Fletcher also earned an Academy Award nomination when Mutiny portrayed Gable Christian in 1935's he on the bounty.,Fletcher also earned an Academy Award nomination when Mutiny portrayed Gable Christian in 1935's he on the Bounty.
simpeval-00165,5,21-40,30,-1.6271845043722255,scramble_words,24,Gable also earned an Academy Award nomination when he portrayed Fletcher Christian in 1935's Mutiny on the Bounty.,Fletcher also earned an Academy Award nomination when Mutiny portrayed Gable Christian in 1935's he on the bounty.,Fletcher also earned an Academy Award nomination when Mutiny portrayed Gable Christian in 1935's he on the Bounty.
simpeval-00166,1,41-60,43,-1.2570166131751337,new_simple_wiki,24,Gable also earned an Academy Award nomination when he portrayed Fletcher Christian in 1935's Mutiny on the Bounty.,Gable also won an Academy Award for playing Fletcher Christian in the 1935 film version of Mutiny on the Bounty.,Gable also won an academy award for playing fletcher christian in the 1935 film version of mutiny on the bounty.
simpeval-00167,2,61-80,77,-0.3779455127443695,new_simple_wiki,24,Gable also earned an Academy Award nomination when he portrayed Fletcher Christian in 1935's Mutiny on the Bounty.,Gable also won an Academy Award for playing Fletcher Christian in the 1935 film version of Mutiny on the Bounty.,Gable also won an academy award for playing fletcher christian in the 1935 film version of mutiny on the bounty.
simpeval-00168,3,81-100,92,0.8267916691848242,new_simple_wiki,24,Gable also earned an Academy Award nomination when he portrayed Fletcher Christian in 1935's Mutiny on the Bounty.,Gable also won an Academy Award for playing Fletcher Christian in the 1935 film version of Mutiny on the Bounty.,Gable also won an academy award for playing fletcher christian in the 1935 film version of mutiny on the bounty.
simpeval-00169,4,81-100,95,1.1415903447804647,new_simple_wiki,24,Gable also earned an Academy Award nomination when he portrayed Fletcher Christian in 1935's Mutiny on the Bounty.,Gable also won an Academy Award for playing Fletcher Christian in the 1935 film version of Mutiny on the Bounty.,Gable also won an academy award for playing fletcher christian in the 1935 film version of mutiny on the bounty.
simpeval-00170,5,81-100,88,0.4457712686882711,new_simple_wiki,24,Gable also earned an Academy Award nomination when he portrayed Fletcher Christian in 1935's Mutiny on the Bounty.,Gable also won an Academy Award for playing Fletcher Christian in the 1935 film version of Mutiny on the Bounty.,Gable also won an academy award for playing fletcher christian in the 1935 film version of mutiny on the bounty.
simpeval-00171,1,61-80,68,0.2732133847494461,T5-3B,24,Gable also earned an Academy Award nomination when he portrayed Fletcher Christian in 1935's Mutiny on the Bounty.,"He played Fletcher Christian in the 1935 movie "" Mutiny on the Bounty "".","He played Fletcher Christian in the 1935 movie "" Mutiny on the Bounty ""."
simpeval-00172,2,61-80,78,-0.2590648154795323,T5-3B,24,Gable also earned an Academy Award nomination when he portrayed Fletcher Christian in 1935's Mutiny on the Bounty.,"He played Fletcher Christian in the 1935 movie "" Mutiny on the Bounty "".","He played Fletcher Christian in the 1935 movie "" Mutiny on the Bounty ""."
simpeval-00173,3,61-80,75,-0.3641873824812227,T5-3B,24,Gable also earned an Academy Award nomination when he portrayed Fletcher Christian in 1935's Mutiny on the Bounty.,"He played Fletcher Christian in the 1935 movie "" Mutiny on the Bounty "".","He played Fletcher Christian in the 1935 movie "" Mutiny on the Bounty ""."
simpeval-00174,4,41-60,55,-0.4763785949143415,T5-3B,24,Gable also earned an Academy Award nomination when he portrayed Fletcher Christian in 1935's Mutiny on the Bounty.,"He played Fletcher Christian in the 1935 movie "" Mutiny on the Bounty "".","He played Fletcher Christian in the 1935 movie "" Mutiny on the Bounty ""."
simpeval-00175,5,81-100,85,0.3385494183575557,T5-3B,24,Gable also earned an Academy Award nomination when he portrayed Fletcher Christian in 1935's Mutiny on the Bounty.,"He played Fletcher Christian in the 1935 movie "" Mutiny on the Bounty "".","He played Fletcher Christian in the 1935 movie "" Mutiny on the Bounty ""."
simpeval-00176,1,81-100,100,2.231907782092908,SEMoses_all,24,Gable also earned an Academy Award nomination when he portrayed Fletcher Christian in 1935's Mutiny on the Bounty.,Gable also earned an Academy Award nomination. He portrayed Fletcher Christian in 1935 ' s mutiny on the Bounty.,Gable also earned an academy award nomination. || he portrayed Fletcher christian in 1935 ' s mutiny on the bounty.
simpeval-00177,2,81-100,84,0.4542193681094902,SEMoses_all,24,Gable also earned an Academy Award nomination when he portrayed Fletcher Christian in 1935's Mutiny on the Bounty.,Gable also earned an Academy Award nomination. He portrayed Fletcher Christian in 1935 ' s mutiny on the Bounty.,Gable also earned an academy award nomination. || he portrayed Fletcher christian in 1935 ' s mutiny on the bounty.
simpeval-00178,3,81-100,98,1.247137216831664,SEMoses_all,24,Gable also earned an Academy Award nomination when he portrayed Fletcher Christian in 1935's Mutiny on the Bounty.,Gable also earned an Academy Award nomination. He portrayed Fletcher Christian in 1935 ' s mutiny on the Bounty.,Gable also earned an academy award nomination. || he portrayed Fletcher christian in 1935 ' s mutiny on the bounty.
simpeval-00179,4,61-80,80,0.5348519923949123,SEMoses_all,24,Gable also earned an Academy Award nomination when he portrayed Fletcher Christian in 1935's Mutiny on the Bounty.,Gable also earned an Academy Award nomination. He portrayed Fletcher Christian in 1935 ' s mutiny on the Bounty.,Gable also earned an academy award nomination. || he portrayed Fletcher christian in 1935 ' s mutiny on the bounty.
simpeval-00180,5,81-100,85,0.3385494183575557,SEMoses_all,24,Gable also earned an Academy Award nomination when he portrayed Fletcher Christian in 1935's Mutiny on the Bounty.,Gable also earned an Academy Award nomination. He portrayed Fletcher Christian in 1935 ' s mutiny on the Bounty.,Gable also earned an academy award nomination. || he portrayed Fletcher christian in 1935 ' s mutiny on the bounty.
simpeval-00181,1,61-80,78,0.8853053839192779,lstm_w_split,33,"That same year he also received a mechanics certificate, becoming the youngest certificated airplane mechanic in New York.",That same year he also received a mechanics certificate.,That same year he also received a mechanics certificate.
simpeval-00182,2,81-100,86,0.6919807626391645,lstm_w_split,33,"That same year he also received a mechanics certificate, becoming the youngest certificated airplane mechanic in New York.",That same year he also received a mechanics certificate.,That same year he also received a mechanics certificate.
simpeval-00183,3,81-100,85,0.3363885302635107,lstm_w_split,33,"That same year he also received a mechanics certificate, becoming the youngest certificated airplane mechanic in New York.",That same year he also received a mechanics certificate.,That same year he also received a mechanics certificate.
simpeval-00184,4,81-100,85,0.737098109856763,lstm_w_split,33,"That same year he also received a mechanics certificate, becoming the youngest certificated airplane mechanic in New York.",That same year he also received a mechanics certificate.,That same year he also received a mechanics certificate.
simpeval-00185,5,81-100,85,0.3385494183575557,lstm_w_split,33,"That same year he also received a mechanics certificate, becoming the youngest certificated airplane mechanic in New York.",That same year he also received a mechanics certificate.,That same year he also received a mechanics certificate.
simpeval-00186,1,61-80,63,-0.0328326148354698,new_simple_wiki,33,"That same year he also received a mechanics certificate, becoming the youngest certificated airplane mechanic in New York.","That same year he also received a mechanics license, becoming the youngest licensed airplane mechanic in New York.","That same year he also received a mechanics license, becoming the youngest licensed airplane mechanic in new york."
simpeval-00187,2,81-100,82,0.216457973579816,new_simple_wiki,33,"That same year he also received a mechanics certificate, becoming the youngest certificated airplane mechanic in New York.","That same year he also received a mechanics license, becoming the youngest licensed airplane mechanic in New York.","That same year he also received a mechanics license, becoming the youngest licensed airplane mechanic in new york."
simpeval-00188,3,81-100,90,0.6866764866358774,new_simple_wiki,33,"That same year he also received a mechanics certificate, becoming the youngest certificated airplane mechanic in New York.","That same year he also received a mechanics license, becoming the youngest licensed airplane mechanic in New York.","That same year he also received a mechanics license, becoming the youngest licensed airplane mechanic in new york."
simpeval-00189,4,61-80,70,0.1303597574712107,new_simple_wiki,33,"That same year he also received a mechanics certificate, becoming the youngest certificated airplane mechanic in New York.","That same year he also received a mechanics license, becoming the youngest licensed airplane mechanic in New York.","That same year he also received a mechanics license, becoming the youngest licensed airplane mechanic in new york."
simpeval-00190,5,81-100,96,0.731696202903512,new_simple_wiki,33,"That same year he also received a mechanics certificate, becoming the youngest certificated airplane mechanic in New York.","That same year he also received a mechanics license, becoming the youngest licensed airplane mechanic in New York.","That same year he also received a mechanics license, becoming the youngest licensed airplane mechanic in new york."
simpeval-00191,1,61-80,80,1.0077237837532445,asset.test.simp,33,"That same year he also received a mechanics certificate, becoming the youngest certificated airplane mechanic in New York.",That same year he received a mechanics certificate. That made him the youngest certificated airplane mechanic in New York.,That same year he received a mechanics certificate. || That made him the youngest certificated airplane mechanic in New York.
simpeval-00192,2,81-100,87,0.8108614599040016,asset.test.simp,33,"That same year he also received a mechanics certificate, becoming the youngest certificated airplane mechanic in New York.",That same year he received a mechanics certificate. That made him the youngest certificated airplane mechanic in New York.,That same year he received a mechanics certificate. || That made him the youngest certificated airplane mechanic in New York.
simpeval-00193,3,81-100,100,1.387252399380611,asset.test.simp,33,"That same year he also received a mechanics certificate, becoming the youngest certificated airplane mechanic in New York.",That same year he received a mechanics certificate. That made him the youngest certificated airplane mechanic in New York.,That same year he received a mechanics certificate. || That made him the youngest certificated airplane mechanic in New York.
simpeval-00194,4,81-100,91,0.979793450810984,asset.test.simp,33,"That same year he also received a mechanics certificate, becoming the youngest certificated airplane mechanic in New York.",That same year he received a mechanics certificate. That made him the youngest certificated airplane mechanic in New York.,That same year he received a mechanics certificate. || That made him the youngest certificated airplane mechanic in New York.
simpeval-00195,5,81-100,95,0.6959555861266069,asset.test.simp,33,"That same year he also received a mechanics certificate, becoming the youngest certificated airplane mechanic in New York.",That same year he received a mechanics certificate. That made him the youngest certificated airplane mechanic in New York.,That same year he received a mechanics certificate. || That made him the youngest certificated airplane mechanic in New York.
simpeval-00196,1,61-80,68,0.2732133847494461,SEMoses_all,33,"That same year he also received a mechanics certificate, becoming the youngest certificated airplane mechanic in New York.",That same year he also received a mechanics certificate. He becoming the youngest licensed airplane mechanic in New York.,That same year he also received a mechanics certificate. || he becoming the youngest licensed airplane mechanic in new York.
simpeval-00197,2,81-100,87,0.8108614599040016,SEMoses_all,33,"That same year he also received a mechanics certificate, becoming the youngest certificated airplane mechanic in New York.",That same year he also received a mechanics certificate. He becoming the youngest licensed airplane mechanic in New York.,That same year he also received a mechanics certificate. || he becoming the youngest licensed airplane mechanic in new York.
simpeval-00198,3,81-100,89,0.6166188953614041,SEMoses_all,33,"That same year he also received a mechanics certificate, becoming the youngest certificated airplane mechanic in New York.",That same year he also received a mechanics certificate. He becoming the youngest licensed airplane mechanic in New York.,That same year he also received a mechanics certificate. || he becoming the youngest licensed airplane mechanic in new York.
simpeval-00199,4,61-80,63,-0.1527848069753802,SEMoses_all,33,"That same year he also received a mechanics certificate, becoming the youngest certificated airplane mechanic in New York.",That same year he also received a mechanics certificate. He becoming the youngest licensed airplane mechanic in New York.,That same year he also received a mechanics certificate. || he becoming the youngest licensed airplane mechanic in new York.
simpeval-00200,5,61-80,80,0.1598463344730301,SEMoses_all,33,"That same year he also received a mechanics certificate, becoming the youngest certificated airplane mechanic in New York.",That same year he also received a mechanics certificate. He becoming the youngest licensed airplane mechanic in New York.,That same year he also received a mechanics certificate. || he becoming the youngest licensed airplane mechanic in new York.
simpeval-00201,1,41-60,45,-1.1345982133411672,scramble_words,33,"That same year he also received a mechanics certificate, becoming the youngest certificated airplane mechanic in New York.","That same year he a received also becoming certificate, Mechanics York. Youngest certificated airplane mechanic in New The","That same year he a received also becoming certificate, mechanics York. || youngest certificated airplane mechanic in New the"
simpeval-00202,2,61-80,72,-0.972348999068555,scramble_words,33,"That same year he also received a mechanics certificate, becoming the youngest certificated airplane mechanic in New York.","That same year he a received also becoming certificate, Mechanics York. Youngest certificated airplane mechanic in New The","That same year he a received also becoming certificate, mechanics York. || youngest certificated airplane mechanic in New the"
simpeval-00203,3,41-60,50,-2.1156271643430564,scramble_words,33,"That same year he also received a mechanics certificate, becoming the youngest certificated airplane mechanic in New York.","That same year he a received also becoming certificate, Mechanics York. Youngest certificated airplane mechanic in New The","That same year he a received also becoming certificate, mechanics York. || youngest certificated airplane mechanic in New the"
simpeval-00204,4,0-20,0,-2.7010858869947,scramble_words,33,"That same year he also received a mechanics certificate, becoming the youngest certificated airplane mechanic in New York.","That same year he a received also becoming certificate, Mechanics York. Youngest certificated airplane mechanic in New The","That same year he a received also becoming certificate, mechanics York. || youngest certificated airplane mechanic in New the"
simpeval-00205,5,61-80,70,-0.1975598332960209,scramble_words,33,"That same year he also received a mechanics certificate, becoming the youngest certificated airplane mechanic in New York.","That same year he a received also becoming certificate, Mechanics York. Youngest certificated airplane mechanic in New The","That same year he a received also becoming certificate, mechanics York. || youngest certificated airplane mechanic in New the"
simpeval-00206,1,61-80,78,0.8853053839192779,T5-3B,33,"That same year he also received a mechanics certificate, becoming the youngest certificated airplane mechanic in New York.",That same year he also received a mechanics certificate. He became the youngest certificated airplane mechanic in New York.,That same year he also received a mechanics certificate. || He became the youngest certificated airplane mechanic in New York.
simpeval-00207,2,81-100,88,0.9297421571688388,T5-3B,33,"That same year he also received a mechanics certificate, becoming the youngest certificated airplane mechanic in New York.",That same year he also received a mechanics certificate. He became the youngest certificated airplane mechanic in New York.,That same year he also received a mechanics certificate. || He became the youngest certificated airplane mechanic in New York.
simpeval-00208,3,81-100,95,1.036964443008244,T5-3B,33,"That same year he also received a mechanics certificate, becoming the youngest certificated airplane mechanic in New York.",That same year he also received a mechanics certificate. He became the youngest certificated airplane mechanic in New York.,That same year he also received a mechanics certificate. || He became the youngest certificated airplane mechanic in New York.
simpeval-00209,4,81-100,88,0.8584457803338735,T5-3B,33,"That same year he also received a mechanics certificate, becoming the youngest certificated airplane mechanic in New York.",That same year he also received a mechanics certificate. He became the youngest certificated airplane mechanic in New York.,That same year he also received a mechanics certificate. || He became the youngest certificated airplane mechanic in New York.
simpeval-00210,5,81-100,97,0.7674368196804171,T5-3B,33,"That same year he also received a mechanics certificate, becoming the youngest certificated airplane mechanic in New York.",That same year he also received a mechanics certificate. He became the youngest certificated airplane mechanic in New York.,That same year he also received a mechanics certificate. || He became the youngest certificated airplane mechanic in New York.
simpeval-00211,1,81-100,82,1.1301421835872107,asset.test.simp,34,"Jeddah is the principal gateway to Mecca, Islam's holiest city, which able-bodied Muslims are required to visit at least once in their lifetime.","Jeddah is the known way to Mecca, where Muslims are required to visit.","Jeddah is the known way to Mecca, where Muslims are required to visit."
simpeval-00212,2,81-100,83,0.3353386708446532,asset.test.simp,34,"Jeddah is the principal gateway to Mecca, Islam's holiest city, which able-bodied Muslims are required to visit at least once in their lifetime.","Jeddah is the known way to Mecca, where Muslims are required to visit.","Jeddah is the known way to Mecca, where Muslims are required to visit."
simpeval-00213,3,81-100,100,1.387252399380611,asset.test.simp,34,"Jeddah is the principal gateway to Mecca, Islam's holiest city, which able-bodied Muslims are required to visit at least once in their lifetime.","Jeddah is the known way to Mecca, where Muslims are required to visit.","Jeddah is the known way to Mecca, where Muslims are required to visit."
simpeval-00214,4,81-100,85,0.737098109856763,asset.test.simp,34,"Jeddah is the principal gateway to Mecca, Islam's holiest city, which able-bodied Muslims are required to visit at least once in their lifetime.","Jeddah is the known way to Mecca, where Muslims are required to visit.","Jeddah is the known way to Mecca, where Muslims are required to visit."
simpeval-00215,5,81-100,90,0.5172525022420813,asset.test.simp,34,"Jeddah is the principal gateway to Mecca, Islam's holiest city, which able-bodied Muslims are required to visit at least once in their lifetime.","Jeddah is the known way to Mecca, where Muslims are required to visit.","Jeddah is the known way to Mecca, where Muslims are required to visit."
simpeval-00216,1,61-80,75,0.7016777841683284,SEMoses_all,34,"Jeddah is the principal gateway to Mecca, Islam's holiest city, which able-bodied Muslims are required to visit at least once in their lifetime.",Jeddah is the principal gateway to Mecca.,Jeddah is the principal gateway to Mecca.
simpeval-00217,2,81-100,84,0.4542193681094902,SEMoses_all,34,"Jeddah is the principal gateway to Mecca, Islam's holiest city, which able-bodied Muslims are required to visit at least once in their lifetime.",Jeddah is the principal gateway to Mecca.,Jeddah is the principal gateway to Mecca.
simpeval-00218,3,81-100,82,0.1262157564400907,SEMoses_all,34,"Jeddah is the principal gateway to Mecca, Islam's holiest city, which able-bodied Muslims are required to visit at least once in their lifetime.",Jeddah is the principal gateway to Mecca.,Jeddah is the principal gateway to Mecca.
simpeval-00219,4,61-80,80,0.5348519923949123,SEMoses_all,34,"Jeddah is the principal gateway to Mecca, Islam's holiest city, which able-bodied Muslims are required to visit at least once in their lifetime.",Jeddah is the principal gateway to Mecca.,Jeddah is the principal gateway to Mecca.
simpeval-00220,5,61-80,80,0.1598463344730301,SEMoses_all,34,"Jeddah is the principal gateway to Mecca, Islam's holiest city, which able-bodied Muslims are required to visit at least once in their lifetime.",Jeddah is the principal gateway to Mecca.,Jeddah is the principal gateway to Mecca.
simpeval-00221,1,41-60,57,-0.4000878143373689,lstm_w_split,34,"Jeddah is the principal gateway to Mecca, Islam's holiest city, which able-bodied Muslims are required to visit at least once in their lifetime.","Mecca is the main gateway to Mecca, Islam's holiest city, which able-bodied Muslims are required to visit at least once in their lifetime.","Mecca is the main gateway to mecca , islam 's holiest city, which able-bodied muslims are required to visit at least once in their lifetime."
simpeval-00222,2,61-80,77,-0.3779455127443695,lstm_w_split,34,"Jeddah is the principal gateway to Mecca, Islam's holiest city, which able-bodied Muslims are required to visit at least once in their lifetime.","Mecca is the main gateway to Mecca, Islam's holiest city, which able-bodied Muslims are required to visit at least once in their lifetime.","Mecca is the main gateway to mecca , islam 's holiest city, which able-bodied muslims are required to visit at least once in their lifetime."
simpeval-00223,3,61-80,68,-0.8545905214025361,lstm_w_split,34,"Jeddah is the principal gateway to Mecca, Islam's holiest city, which able-bodied Muslims are required to visit at least once in their lifetime.","Mecca is the main gateway to Mecca, Islam's holiest city, which able-bodied Muslims are required to visit at least once in their lifetime.","Mecca is the main gateway to mecca , islam 's holiest city, which able-bodied muslims are required to visit at least once in their lifetime."
simpeval-00224,4,41-60,60,-0.2741324774524907,lstm_w_split,34,"Jeddah is the principal gateway to Mecca, Islam's holiest city, which able-bodied Muslims are required to visit at least once in their lifetime.","Mecca is the main gateway to Mecca, Islam's holiest city, which able-bodied Muslims are required to visit at least once in their lifetime.","Mecca is the main gateway to mecca , islam 's holiest city, which able-bodied muslims are required to visit at least once in their lifetime."
simpeval-00225,5,81-100,85,0.3385494183575557,lstm_w_split,34,"Jeddah is the principal gateway to Mecca, Islam's holiest city, which able-bodied Muslims are required to visit at least once in their lifetime.","Mecca is the main gateway to Mecca, Islam's holiest city, which able-bodied Muslims are required to visit at least once in their lifetime.","Mecca is the main gateway to mecca , islam 's holiest city, which able-bodied muslims are required to visit at least once in their lifetime."
simpeval-00226,1,41-60,45,-1.1345982133411672,scramble_words,34,"Jeddah is the principal gateway to Mecca, Islam's holiest city, which able-bodied Muslims are required to visit at least once in their lifetime.","Which is least principal gateway visit at Islam's holiest city, Jeddah able-bodied Muslims are required to to Mecca, the once in their lifetime.","Which is least principal gateway visit at Islam's holiest city, Jeddah able-bodied Muslims are required to to Mecca, the once in their lifetime."
simpeval-00227,2,61-80,75,-0.6157069072740436,scramble_words,34,"Jeddah is the principal gateway to Mecca, Islam's holiest city, which able-bodied Muslims are required to visit at least once in their lifetime.","Which is least principal gateway visit at Islam's holiest city, Jeddah able-bodied Muslims are required to to Mecca, the once in their lifetime.","Which is least principal gateway visit at Islam's holiest city, Jeddah able-bodied Muslims are required to to Mecca, the once in their lifetime."
simpeval-00228,3,41-60,60,-1.415051251598323,scramble_words,34,"Jeddah is the principal gateway to Mecca, Islam's holiest city, which able-bodied Muslims are required to visit at least once in their lifetime.","Which is least principal gateway visit at Islam's holiest city, Jeddah able-bodied Muslims are required to to Mecca, the once in their lifetime.","Which is least principal gateway visit at Islam's holiest city, Jeddah able-bodied Muslims are required to to Mecca, the once in their lifetime."
simpeval-00229,4,0-20,0,-2.7010858869947,scramble_words,34,"Jeddah is the principal gateway to Mecca, Islam's holiest city, which able-bodied Muslims are required to visit at least once in their lifetime.","Which is least principal gateway visit at Islam's holiest city, Jeddah able-bodied Muslims are required to to Mecca, the once in their lifetime.","Which is least principal gateway visit at Islam's holiest city, Jeddah able-bodied Muslims are required to to Mecca, the once in their lifetime."
simpeval-00230,5,0-20,20,-1.9845906721412765,scramble_words,34,"Jeddah is the principal gateway to Mecca, Islam's holiest city, which able-bodied Muslims are required to visit at least once in their lifetime.","Which is least principal gateway visit at Islam's holiest city, Jeddah able-bodied Muslims are required to to Mecca, the once in their lifetime.","Which is least principal gateway visit at Islam's holiest city, Jeddah able-bodied Muslims are required to to Mecca, the once in their lifetime."
simpeval-00231,1,61-80,72,0.5180501844173788,new_simple_wiki,34,"Jeddah is the principal gateway to Mecca, Islam's holiest city, which able-bodied Muslims are required to visit at least once in their lifetime.","Jeddah is the main gateway to Mecca, the holiest city of Islam, where able-bodied Muslims must go to at least once in a lifetime.","Jeddah is the main gateway to mecca, the holiest city of islam, where able-bodied muslims must go to at least once in a lifetime."
simpeval-00232,2,81-100,83,0.3353386708446532,new_simple_wiki,34,"Jeddah is the principal gateway to Mecca, Islam's holiest city, which able-bodied Muslims are required to visit at least once in their lifetime.","Jeddah is the main gateway to Mecca, the holiest city of Islam, where able-bodied Muslims must go to at least once in a lifetime.","Jeddah is the main gateway to mecca, the holiest city of islam, where able-bodied muslims must go to at least once in a lifetime."
simpeval-00233,3,81-100,98,1.247137216831664,new_simple_wiki,34,"Jeddah is the principal gateway to Mecca, Islam's holiest city, which able-bodied Muslims are required to visit at least once in their lifetime.","Jeddah is the main gateway to Mecca, the holiest city of Islam, where able-bodied Muslims must go to at least once in a lifetime.","Jeddah is the main gateway to mecca, the holiest city of islam, where able-bodied muslims must go to at least once in a lifetime."
simpeval-00234,4,81-100,83,0.6561996628720228,new_simple_wiki,34,"Jeddah is the principal gateway to Mecca, Islam's holiest city, which able-bodied Muslims are required to visit at least once in their lifetime.","Jeddah is the main gateway to Mecca, the holiest city of Islam, where able-bodied Muslims must go to at least once in a lifetime.","Jeddah is the main gateway to mecca, the holiest city of islam, where able-bodied muslims must go to at least once in a lifetime."
simpeval-00235,5,81-100,96,0.731696202903512,new_simple_wiki,34,"Jeddah is the principal gateway to Mecca, Islam's holiest city, which able-bodied Muslims are required to visit at least once in their lifetime.","Jeddah is the main gateway to Mecca, the holiest city of Islam, where able-bodied Muslims must go to at least once in a lifetime.","Jeddah is the main gateway to mecca, the holiest city of islam, where able-bodied muslims must go to at least once in a lifetime."
simpeval-00236,1,61-80,75,0.7016777841683284,T5-3B,34,"Jeddah is the principal gateway to Mecca, Islam's holiest city, which able-bodied Muslims are required to visit at least once in their lifetime.","Jeddah is the main gateway to Mecca, Islam's holiest city. All able-bodied Muslims are required to visit at least once in their lifetime.","Jeddah is the main gateway to Mecca, Islam's holiest city. || All able-bodied Muslims are required to visit at least once in their lifetime."
simpeval-00237,2,81-100,93,1.5241456434930245,T5-3B,34,"Jeddah is the principal gateway to Mecca, Islam's holiest city, which able-bodied Muslims are required to visit at least once in their lifetime.","Jeddah is the main gateway to Mecca, Islam's holiest city. All able-bodied Muslims are required to visit at least once in their lifetime.","Jeddah is the main gateway to Mecca, Islam's holiest city. || All able-bodied Muslims are required to visit at least once in their lifetime."
simpeval-00238,3,81-100,98,1.247137216831664,T5-3B,34,"Jeddah is the principal gateway to Mecca, Islam's holiest city, which able-bodied Muslims are required to visit at least once in their lifetime.","Jeddah is the main gateway to Mecca, Islam's holiest city. All able-bodied Muslims are required to visit at least once in their lifetime.","Jeddah is the main gateway to Mecca, Islam's holiest city. || All able-bodied Muslims are required to visit at least once in their lifetime."
simpeval-00239,4,81-100,90,0.939344227318614,T5-3B,34,"Jeddah is the principal gateway to Mecca, Islam's holiest city, which able-bodied Muslims are required to visit at least once in their lifetime.","Jeddah is the main gateway to Mecca, Islam's holiest city. All able-bodied Muslims are required to visit at least once in their lifetime.","Jeddah is the main gateway to Mecca, Islam's holiest city. || All able-bodied Muslims are required to visit at least once in their lifetime."
simpeval-00240,5,81-100,97,0.7674368196804171,T5-3B,34,"Jeddah is the principal gateway to Mecca, Islam's holiest city, which able-bodied Muslims are required to visit at least once in their lifetime.","Jeddah is the main gateway to Mecca, Islam's holiest city. All able-bodied Muslims are required to visit at least once in their lifetime.","Jeddah is the main gateway to Mecca, Islam's holiest city. || All able-bodied Muslims are required to visit at least once in their lifetime."
simpeval-00241,1,41-60,55,-0.5225062141713352,lstm_w_split,35,"This leads to consumer confusion when 220 (1,048,576) bytes is referenced as 1 MB (megabyte) instead of 1 MiB.","This leads to consumer confusion when 220 ( 1,048,576 bytes is referenced as 1 MB ( megabyte ) instead of 1 MIB.","This leads to consumer confusion when 220 ( 1,048,576 bytes is referenced as 1 mb ( megabyte ) instead of 1 mib."
simpeval-00242,2,61-80,78,-0.2590648154795323,lstm_w_split,35,"This leads to consumer confusion when 220 (1,048,576) bytes is referenced as 1 MB (megabyte) instead of 1 MiB.","This leads to consumer confusion when 220 ( 1,048,576 bytes is referenced as 1 MB ( megabyte ) instead of 1 MIB.","This leads to consumer confusion when 220 ( 1,048,576 bytes is referenced as 1 mb ( megabyte ) instead of 1 mib."
simpeval-00243,3,61-80,80,-0.0138994261088559,lstm_w_split,35,"This leads to consumer confusion when 220 (1,048,576) bytes is referenced as 1 MB (megabyte) instead of 1 MiB.","This leads to consumer confusion when 220 ( 1,048,576 bytes is referenced as 1 MB ( megabyte ) instead of 1 MIB.","This leads to consumer confusion when 220 ( 1,048,576 bytes is referenced as 1 mb ( megabyte ) instead of 1 mib."
simpeval-00244,4,61-80,75,0.3326058749330615,lstm_w_split,35,"This leads to consumer confusion when 220 (1,048,576) bytes is referenced as 1 MB (megabyte) instead of 1 MiB.","This leads to consumer confusion when 220 ( 1,048,576 bytes is referenced as 1 MB ( megabyte ) instead of 1 MIB.","This leads to consumer confusion when 220 ( 1,048,576 bytes is referenced as 1 mb ( megabyte ) instead of 1 mib."
simpeval-00245,5,81-100,95,0.6959555861266069,lstm_w_split,35,"This leads to consumer confusion when 220 (1,048,576) bytes is referenced as 1 MB (megabyte) instead of 1 MiB.","This leads to consumer confusion when 220 ( 1,048,576 bytes is referenced as 1 MB ( megabyte ) instead of 1 MIB.","This leads to consumer confusion when 220 ( 1,048,576 bytes is referenced as 1 mb ( megabyte ) instead of 1 mib."
simpeval-00246,1,81-100,95,1.925861782507992,asset.test.simp,35,"This leads to consumer confusion when 220 (1,048,576) bytes is referenced as 1 MB (megabyte) instead of 1 MiB.","Consumers are confused when  220 (1,048,576) bytes is called 1 MB (megabyte) instead of 1 MIB.","Consumers are confused when  220 (1,048,576) bytes is called 1 MB (megabyte) instead of 1 MiB."
simpeval-00247,2,81-100,93,1.5241456434930245,asset.test.simp,35,"This leads to consumer confusion when 220 (1,048,576) bytes is referenced as 1 MB (megabyte) instead of 1 MiB.","Consumers are confused when  220 (1,048,576) bytes is called 1 MB (megabyte) instead of 1 MIB.","Consumers are confused when  220 (1,048,576) bytes is called 1 MB (megabyte) instead of 1 MiB."
simpeval-00248,3,81-100,95,1.036964443008244,asset.test.simp,35,"This leads to consumer confusion when 220 (1,048,576) bytes is referenced as 1 MB (megabyte) instead of 1 MiB.","Consumers are confused when  220 (1,048,576) bytes is called 1 MB (megabyte) instead of 1 MIB.","Consumers are confused when  220 (1,048,576) bytes is called 1 MB (megabyte) instead of 1 MiB."
simpeval-00249,4,81-100,100,1.3438364622423151,asset.test.simp,35,"This leads to consumer confusion when 220 (1,048,576) bytes is referenced as 1 MB (megabyte) instead of 1 MiB.","Consumers are confused when  220 (1,048,576) bytes is called 1 MB (megabyte) instead of 1 MIB.","Consumers are confused when  220 (1,048,576) bytes is called 1 MB (megabyte) instead of 1 MiB."
simpeval-00250,5,81-100,82,0.2313275680268404,asset.test.simp,35,"This leads to consumer confusion when 220 (1,048,576) bytes is referenced as 1 MB (megabyte) instead of 1 MiB.","Consumers are confused when  220 (1,048,576) bytes is called 1 MB (megabyte) instead of 1 MIB.","Consumers are confused when  220 (1,048,576) bytes is called 1 MB (megabyte) instead of 1 MiB."
simpeval-00251,1,21-40,30,-2.052736212095915,scramble_words,35,"This leads to consumer confusion when 220 (1,048,576) bytes is referenced as 1 MB (megabyte) instead of 1 MiB.","This MB to 220 confusion when consumer bytes (1,048,576) is referenced as 1 leads (megabyte) instead of 1 MIB.","This MB to 220 confusion when consumer bytes (1,048,576) is referenced as 1 leads (megabyte) instead of 1 MiB."
simpeval-00252,2,61-80,65,-1.8045138799224147,scramble_words,35,"This leads to consumer confusion when 220 (1,048,576) bytes is referenced as 1 MB (megabyte) instead of 1 MiB.","This MB to 220 confusion when consumer bytes (1,048,576) is referenced as 1 leads (megabyte) instead of 1 MIB.","This MB to 220 confusion when consumer bytes (1,048,576) is referenced as 1 leads (megabyte) instead of 1 MiB."
simpeval-00253,3,21-40,30,-3.516778989832523,scramble_words,35,"This leads to consumer confusion when 220 (1,048,576) bytes is referenced as 1 MB (megabyte) instead of 1 MiB.","This MB to 220 confusion when consumer bytes (1,048,576) is referenced as 1 leads (megabyte) instead of 1 MIB.","This MB to 220 confusion when consumer bytes (1,048,576) is referenced as 1 leads (megabyte) instead of 1 MiB."
simpeval-00254,4,0-20,20,-1.892101417147297,scramble_words,35,"This leads to consumer confusion when 220 (1,048,576) bytes is referenced as 1 MB (megabyte) instead of 1 MiB.","This MB to 220 confusion when consumer bytes (1,048,576) is referenced as 1 leads (megabyte) instead of 1 MIB.","This MB to 220 confusion when consumer bytes (1,048,576) is referenced as 1 leads (megabyte) instead of 1 MiB."
simpeval-00255,5,0-20,0,-2.6994030076793787,scramble_words,35,"This leads to consumer confusion when 220 (1,048,576) bytes is referenced as 1 MB (megabyte) instead of 1 MiB.","This MB to 220 confusion when consumer bytes (1,048,576) is referenced as 1 leads (megabyte) instead of 1 MIB.","This MB to 220 confusion when consumer bytes (1,048,576) is referenced as 1 leads (megabyte) instead of 1 MiB."
simpeval-00256,1,21-40,38,-1.5630626127600495,new_simple_wiki,35,"This leads to consumer confusion when 220 (1,048,576) bytes is referenced as 1 MB (megabyte) instead of 1 MiB.","1 MIB = 220 bytes = 1,048,576 bytes = 1,024 kibibytes the mebibyte is closely related to the Megabyte (MB).","1 mib = 220 bytes = 1,048,576 bytes = 1,024 kibibytes the mebibyte is closely related to the megabyte (mb)."
simpeval-00257,2,41-60,60,-2.3989173662466,new_simple_wiki,35,"This leads to consumer confusion when 220 (1,048,576) bytes is referenced as 1 MB (megabyte) instead of 1 MiB.","1 MIB = 220 bytes = 1,048,576 bytes = 1,024 kibibytes the mebibyte is closely related to the Megabyte (MB).","1 mib = 220 bytes = 1,048,576 bytes = 1,024 kibibytes the mebibyte is closely related to the megabyte (mb)."
simpeval-00258,3,41-60,60,-1.415051251598323,new_simple_wiki,35,"This leads to consumer confusion when 220 (1,048,576) bytes is referenced as 1 MB (megabyte) instead of 1 MiB.","1 MIB = 220 bytes = 1,048,576 bytes = 1,024 kibibytes the mebibyte is closely related to the Megabyte (MB).","1 mib = 220 bytes = 1,048,576 bytes = 1,024 kibibytes the mebibyte is closely related to the megabyte (mb)."
simpeval-00259,4,0-20,10,-2.296593652070998,new_simple_wiki,35,"This leads to consumer confusion when 220 (1,048,576) bytes is referenced as 1 MB (megabyte) instead of 1 MiB.","1 MIB = 220 bytes = 1,048,576 bytes = 1,024 kibibytes the mebibyte is closely related to the Megabyte (MB).","1 mib = 220 bytes = 1,048,576 bytes = 1,024 kibibytes the mebibyte is closely related to the megabyte (mb)."
simpeval-00260,5,0-20,9,-2.3777374566872327,new_simple_wiki,35,"This leads to consumer confusion when 220 (1,048,576) bytes is referenced as 1 MB (megabyte) instead of 1 MiB.","1 MIB = 220 bytes = 1,048,576 bytes = 1,024 kibibytes the mebibyte is closely related to the Megabyte (MB).","1 mib = 220 bytes = 1,048,576 bytes = 1,024 kibibytes the mebibyte is closely related to the megabyte (mb)."
simpeval-00261,1,61-80,63,-0.0328326148354698,T5-3B,35,"This leads to consumer confusion when 220 (1,048,576) bytes is referenced as 1 MB (megabyte) instead of 1 MiB.","This can cause consumer confusion when 220 (1,048,576) bytes is referenced as 1 MB (megabyte) instead of 1 MIB.","This can cause consumer confusion when 220 (1,048,576) bytes is referenced as 1 MB (megabyte) instead of 1 MiB."
simpeval-00262,2,61-80,80,-0.0213034209498581,T5-3B,35,"This leads to consumer confusion when 220 (1,048,576) bytes is referenced as 1 MB (megabyte) instead of 1 MiB.","This can cause consumer confusion when 220 (1,048,576) bytes is referenced as 1 MB (megabyte) instead of 1 MIB.","This can cause consumer confusion when 220 (1,048,576) bytes is referenced as 1 MB (megabyte) instead of 1 MiB."
simpeval-00263,3,81-100,90,0.6866764866358774,T5-3B,35,"This leads to consumer confusion when 220 (1,048,576) bytes is referenced as 1 MB (megabyte) instead of 1 MiB.","This can cause consumer confusion when 220 (1,048,576) bytes is referenced as 1 MB (megabyte) instead of 1 MIB.","This can cause consumer confusion when 220 (1,048,576) bytes is referenced as 1 MB (megabyte) instead of 1 MiB."
simpeval-00264,4,81-100,84,0.6966488863643929,T5-3B,35,"This leads to consumer confusion when 220 (1,048,576) bytes is referenced as 1 MB (megabyte) instead of 1 MiB.","This can cause consumer confusion when 220 (1,048,576) bytes is referenced as 1 MB (megabyte) instead of 1 MIB.","This can cause consumer confusion when 220 (1,048,576) bytes is referenced as 1 MB (megabyte) instead of 1 MiB."
simpeval-00265,5,81-100,90,0.5172525022420813,T5-3B,35,"This leads to consumer confusion when 220 (1,048,576) bytes is referenced as 1 MB (megabyte) instead of 1 MiB.","This can cause consumer confusion when 220 (1,048,576) bytes is referenced as 1 MB (megabyte) instead of 1 MIB.","This can cause consumer confusion when 220 (1,048,576) bytes is referenced as 1 MB (megabyte) instead of 1 MiB."
simpeval-00266,1,41-60,50,-0.8285522137562512,SEMoses_all,35,"This leads to consumer confusion when 220 (1,048,576) bytes is referenced as 1 MB (megabyte) instead of 1 MiB.","This leads to consumer confusion. 220 ( 1,048,576 ) bytes is referenced as 1 MB ( normal ) instead of 1 MIB.","This leads to consumer confusion. || 220 ( 1,048,576 ) bytes is referenced as 1 mb ( normal ) instead of 1 MiB."
simpeval-00267,2,81-100,84,0.4542193681094902,SEMoses_all,35,"This leads to consumer confusion when 220 (1,048,576) bytes is referenced as 1 MB (megabyte) instead of 1 MiB.","This leads to consumer confusion. 220 ( 1,048,576 ) bytes is referenced as 1 MB ( normal ) instead of 1 MIB.","This leads to consumer confusion. || 220 ( 1,048,576 ) bytes is referenced as 1 mb ( normal ) instead of 1 MiB."
simpeval-00268,3,41-60,60,-1.415051251598323,SEMoses_all,35,"This leads to consumer confusion when 220 (1,048,576) bytes is referenced as 1 MB (megabyte) instead of 1 MiB.","This leads to consumer confusion. 220 ( 1,048,576 ) bytes is referenced as 1 MB ( normal ) instead of 1 MIB.","This leads to consumer confusion. || 220 ( 1,048,576 ) bytes is referenced as 1 mb ( normal ) instead of 1 MiB."
simpeval-00269,4,61-80,70,0.1303597574712107,SEMoses_all,35,"This leads to consumer confusion when 220 (1,048,576) bytes is referenced as 1 MB (megabyte) instead of 1 MiB.","This leads to consumer confusion. 220 ( 1,048,576 ) bytes is referenced as 1 MB ( normal ) instead of 1 MIB.","This leads to consumer confusion. || 220 ( 1,048,576 ) bytes is referenced as 1 mb ( normal ) instead of 1 MiB."
simpeval-00270,5,0-20,0,-2.6994030076793787,SEMoses_all,35,"This leads to consumer confusion when 220 (1,048,576) bytes is referenced as 1 MB (megabyte) instead of 1 MiB.","This leads to consumer confusion. 220 ( 1,048,576 ) bytes is referenced as 1 MB ( normal ) instead of 1 MIB.","This leads to consumer confusion. || 220 ( 1,048,576 ) bytes is referenced as 1 mb ( normal ) instead of 1 MiB."
simpeval-00271,1,81-100,90,1.6198157829230762,asset.test.simp,37,"A fee is the price one pays as remuneration for services, especially the honorarium paid to a doctor, lawyer, consultant, or other member of a learned profession.","A fee is the price one pays for services, especially to a doctor, lawyer, or other member of a learned profession.","A fee is the price one pays for services, especially to a doctor, lawyer, or other member of a learned profession."
simpeval-00272,2,81-100,85,0.5731000653743273,asset.test.simp,37,"A fee is the price one pays as remuneration for services, especially the honorarium paid to a doctor, lawyer, consultant, or other member of a learned profession.","A fee is the price one pays for services, especially to a doctor, lawyer, or other member of a learned profession.","A fee is the price one pays for services, especially to a doctor, lawyer, or other member of a learned profession."
simpeval-00273,3,81-100,95,1.036964443008244,asset.test.simp,37,"A fee is the price one pays as remuneration for services, especially the honorarium paid to a doctor, lawyer, consultant, or other member of a learned profession.","A fee is the price one pays for services, especially to a doctor, lawyer, or other member of a learned profession.","A fee is the price one pays for services, especially to a doctor, lawyer, or other member of a learned profession."
simpeval-00274,4,81-100,95,1.1415903447804647,asset.test.simp,37,"A fee is the price one pays as remuneration for services, especially the honorarium paid to a doctor, lawyer, consultant, or other member of a learned profession.","A fee is the price one pays for services, especially to a doctor, lawyer, or other member of a learned profession.","A fee is the price one pays for services, especially to a doctor, lawyer, or other member of a learned profession."
simpeval-00275,5,81-100,97,0.7674368196804171,asset.test.simp,37,"A fee is the price one pays as remuneration for services, especially the honorarium paid to a doctor, lawyer, consultant, or other member of a learned profession.","A fee is the price one pays for services, especially to a doctor, lawyer, or other member of a learned profession.","A fee is the price one pays for services, especially to a doctor, lawyer, or other member of a learned profession."
simpeval-00276,1,61-80,70,0.3956317845834124,lstm_w_split,37,"A fee is the price one pays as remuneration for services, especially the honorarium paid to a doctor, lawyer, consultant, or other member of a learned profession.","A fee is the price that pays a person pays a doctor, lawyer, consultant, or other member of a learned profession.","A fee is the price that pays a person pays a doctor, lawyer, consultant, or other member of a learned profession."
simpeval-00277,2,81-100,90,1.1675035516985128,lstm_w_split,37,"A fee is the price one pays as remuneration for services, especially the honorarium paid to a doctor, lawyer, consultant, or other member of a learned profession.","A fee is the price that pays a person pays a doctor, lawyer, consultant, or other member of a learned profession.","A fee is the price that pays a person pays a doctor, lawyer, consultant, or other member of a learned profession."
simpeval-00278,3,41-60,50,-2.1156271643430564,lstm_w_split,37,"A fee is the price one pays as remuneration for services, especially the honorarium paid to a doctor, lawyer, consultant, or other member of a learned profession.","A fee is the price that pays a person pays a doctor, lawyer, consultant, or other member of a learned profession.","A fee is the price that pays a person pays a doctor, lawyer, consultant, or other member of a learned profession."
simpeval-00279,4,21-40,30,-1.4876091822235953,lstm_w_split,37,"A fee is the price one pays as remuneration for services, especially the honorarium paid to a doctor, lawyer, consultant, or other member of a learned profession.","A fee is the price that pays a person pays a doctor, lawyer, consultant, or other member of a learned profession.","A fee is the price that pays a person pays a doctor, lawyer, consultant, or other member of a learned profession."
simpeval-00280,5,81-100,85,0.3385494183575557,lstm_w_split,37,"A fee is the price one pays as remuneration for services, especially the honorarium paid to a doctor, lawyer, consultant, or other member of a learned profession.","A fee is the price that pays a person pays a doctor, lawyer, consultant, or other member of a learned profession.","A fee is the price that pays a person pays a doctor, lawyer, consultant, or other member of a learned profession."
simpeval-00281,1,61-80,64,0.0283765850815133,new_simple_wiki,37,"A fee is the price one pays as remuneration for services, especially the honorarium paid to a doctor, lawyer, consultant, or other member of a learned profession.","A fee is the price one gives as payment for services, especially the honorarium paid to a doctor, lawyer, consultant or member of a learned profession.","A fee is the price one gives as payment for services, especially the honorarium paid to a doctor, lawyer, consultant or member of a learned profession."
simpeval-00282,2,61-80,80,-0.0213034209498581,new_simple_wiki,37,"A fee is the price one pays as remuneration for services, especially the honorarium paid to a doctor, lawyer, consultant, or other member of a learned profession.","A fee is the price one gives as payment for services, especially the honorarium paid to a doctor, lawyer, consultant or member of a learned profession.","A fee is the price one gives as payment for services, especially the honorarium paid to a doctor, lawyer, consultant or member of a learned profession."
simpeval-00283,3,81-100,90,0.6866764866358774,new_simple_wiki,37,"A fee is the price one pays as remuneration for services, especially the honorarium paid to a doctor, lawyer, consultant, or other member of a learned profession.","A fee is the price one gives as payment for services, especially the honorarium paid to a doctor, lawyer, consultant or member of a learned profession.","A fee is the price one gives as payment for services, especially the honorarium paid to a doctor, lawyer, consultant or member of a learned profession."
simpeval-00284,4,81-100,85,0.737098109856763,new_simple_wiki,37,"A fee is the price one pays as remuneration for services, especially the honorarium paid to a doctor, lawyer, consultant, or other member of a learned profession.","A fee is the price one gives as payment for services, especially the honorarium paid to a doctor, lawyer, consultant or member of a learned profession.","A fee is the price one gives as payment for services, especially the honorarium paid to a doctor, lawyer, consultant or member of a learned profession."
simpeval-00285,5,81-100,86,0.3742900351344608,new_simple_wiki,37,"A fee is the price one pays as remuneration for services, especially the honorarium paid to a doctor, lawyer, consultant, or other member of a learned profession.","A fee is the price one gives as payment for services, especially the honorarium paid to a doctor, lawyer, consultant or member of a learned profession.","A fee is the price one gives as payment for services, especially the honorarium paid to a doctor, lawyer, consultant or member of a learned profession."
simpeval-00286,1,41-60,55,-0.5225062141713352,SEMoses_all,37,"A fee is the price one pays as remuneration for services, especially the honorarium paid to a doctor, lawyer, consultant, or other member of a learned profession.",A fee is the price one pays as remuneration for services. The honorarium paid to a doctor lawyer consultant or other member of a learned profession.,A fee is the price one pays as remuneration for services. || the honorarium paid to a doctor lawyer consultant or other member of a learned profession.
simpeval-00287,2,61-80,74,-0.7345876045388808,SEMoses_all,37,"A fee is the price one pays as remuneration for services, especially the honorarium paid to a doctor, lawyer, consultant, or other member of a learned profession.",A fee is the price one pays as remuneration for services. The honorarium paid to a doctor lawyer consultant or other member of a learned profession.,A fee is the price one pays as remuneration for services. || the honorarium paid to a doctor lawyer consultant or other member of a learned profession.
simpeval-00288,3,61-80,65,-1.064763295225956,SEMoses_all,37,"A fee is the price one pays as remuneration for services, especially the honorarium paid to a doctor, lawyer, consultant, or other member of a learned profession.",A fee is the price one pays as remuneration for services. The honorarium paid to a doctor lawyer consultant or other member of a learned profession.,A fee is the price one pays as remuneration for services. || the honorarium paid to a doctor lawyer consultant or other member of a learned profession.
simpeval-00289,4,21-40,40,-1.0831169472998938,SEMoses_all,37,"A fee is the price one pays as remuneration for services, especially the honorarium paid to a doctor, lawyer, consultant, or other member of a learned profession.",A fee is the price one pays as remuneration for services. The honorarium paid to a doctor lawyer consultant or other member of a learned profession.,A fee is the price one pays as remuneration for services. || the honorarium paid to a doctor lawyer consultant or other member of a learned profession.
simpeval-00290,5,81-100,83,0.2670681848037455,SEMoses_all,37,"A fee is the price one pays as remuneration for services, especially the honorarium paid to a doctor, lawyer, consultant, or other member of a learned profession.",A fee is the price one pays as remuneration for services. The honorarium paid to a doctor lawyer consultant or other member of a learned profession.,A fee is the price one pays as remuneration for services. || the honorarium paid to a doctor lawyer consultant or other member of a learned profession.
simpeval-00291,1,21-40,40,-1.440644212926083,scramble_words,37,"A fee is the price one pays as remuneration for services, especially the honorarium paid to a doctor, lawyer, consultant, or other member of a learned profession.","As fee is the price one pays a remuneration especially services, for honorarium the paid to a other lawyer, consultant, profession. Doctor, member of a learned or","As fee is the price one pays A remuneration especially services, for honorarium the paid to a other lawyer, consultant, profession. || doctor, member of a learned or"
simpeval-00292,2,41-60,50,-3.587724338894972,scramble_words,37,"A fee is the price one pays as remuneration for services, especially the honorarium paid to a doctor, lawyer, consultant, or other member of a learned profession.","As fee is the price one pays a remuneration especially services, for honorarium the paid to a other lawyer, consultant, profession. Doctor, member of a learned or","As fee is the price one pays A remuneration especially services, for honorarium the paid to a other lawyer, consultant, profession. || doctor, member of a learned or"
simpeval-00293,3,21-40,30,-3.516778989832523,scramble_words,37,"A fee is the price one pays as remuneration for services, especially the honorarium paid to a doctor, lawyer, consultant, or other member of a learned profession.","As fee is the price one pays a remuneration especially services, for honorarium the paid to a other lawyer, consultant, profession. Doctor, member of a learned or","As fee is the price one pays A remuneration especially services, for honorarium the paid to a other lawyer, consultant, profession. || doctor, member of a learned or"
simpeval-00294,4,0-20,10,-2.296593652070998,scramble_words,37,"A fee is the price one pays as remuneration for services, especially the honorarium paid to a doctor, lawyer, consultant, or other member of a learned profession.","As fee is the price one pays a remuneration especially services, for honorarium the paid to a other lawyer, consultant, profession. Doctor, member of a learned or","As fee is the price one pays A remuneration especially services, for honorarium the paid to a other lawyer, consultant, profession. || doctor, member of a learned or"
simpeval-00295,5,0-20,0,-2.6994030076793787,scramble_words,37,"A fee is the price one pays as remuneration for services, especially the honorarium paid to a doctor, lawyer, consultant, or other member of a learned profession.","As fee is the price one pays a remuneration especially services, for honorarium the paid to a other lawyer, consultant, profession. Doctor, member of a learned or","As fee is the price one pays A remuneration especially services, for honorarium the paid to a other lawyer, consultant, profession. || doctor, member of a learned or"
simpeval-00296,1,61-80,63,-0.0328326148354698,T5-3B,37,"A fee is the price one pays as remuneration for services, especially the honorarium paid to a doctor, lawyer, consultant, or other member of a learned profession.","A fee is the amount one pays as remuneration for services. It is especially the honorarium paid to a doctor, lawyer, consultant, or other member of a learned profession.","A fee is the amount one pays as remuneration for services. || It is especially the honorarium paid to a doctor, lawyer, consultant, or other member of a learned profession."
simpeval-00297,2,81-100,83,0.3353386708446532,T5-3B,37,"A fee is the price one pays as remuneration for services, especially the honorarium paid to a doctor, lawyer, consultant, or other member of a learned profession.","A fee is the amount one pays as remuneration for services. It is especially the honorarium paid to a doctor, lawyer, consultant, or other member of a learned profession.","A fee is the amount one pays as remuneration for services. || It is especially the honorarium paid to a doctor, lawyer, consultant, or other member of a learned profession."
simpeval-00298,3,81-100,92,0.8267916691848242,T5-3B,37,"A fee is the price one pays as remuneration for services, especially the honorarium paid to a doctor, lawyer, consultant, or other member of a learned profession.","A fee is the amount one pays as remuneration for services. It is especially the honorarium paid to a doctor, lawyer, consultant, or other member of a learned profession.","A fee is the amount one pays as remuneration for services. || It is especially the honorarium paid to a doctor, lawyer, consultant, or other member of a learned profession."
simpeval-00299,4,81-100,90,0.939344227318614,T5-3B,37,"A fee is the price one pays as remuneration for services, especially the honorarium paid to a doctor, lawyer, consultant, or other member of a learned profession.","A fee is the amount one pays as remuneration for services. It is especially the honorarium paid to a doctor, lawyer, consultant, or other member of a learned profession.","A fee is the amount one pays as remuneration for services. || It is especially the honorarium paid to a doctor, lawyer, consultant, or other member of a learned profession."
simpeval-00300,5,81-100,95,0.6959555861266069,T5-3B,37,"A fee is the price one pays as remuneration for services, especially the honorarium paid to a doctor, lawyer, consultant, or other member of a learned profession.","A fee is the amount one pays as remuneration for services. It is especially the honorarium paid to a doctor, lawyer, consultant, or other member of a learned profession.","A fee is the amount one pays as remuneration for services. || It is especially the honorarium paid to a doctor, lawyer, consultant, or other member of a learned profession."
simpeval-00301,1,61-80,70,0.3956317845834124,lstm_w_split,40,"The island chain forms part of the Hebrides, separated from the Scottish mainland and from the Inner Hebrides by the stormy waters of the Minch, the Little Minch and the Sea of the Hebrides.",The island chain forms part of the Hebrides.,The island chain forms part of the hebrides.
simpeval-00302,2,81-100,90,1.1675035516985128,lstm_w_split,40,"The island chain forms part of the Hebrides, separated from the Scottish mainland and from the Inner Hebrides by the stormy waters of the Minch, the Little Minch and the Sea of the Hebrides.",The island chain forms part of the Hebrides.,The island chain forms part of the hebrides.
simpeval-00303,3,81-100,90,0.6866764866358774,lstm_w_split,40,"The island chain forms part of the Hebrides, separated from the Scottish mainland and from the Inner Hebrides by the stormy waters of the Minch, the Little Minch and the Sea of the Hebrides.",The island chain forms part of the Hebrides.,The island chain forms part of the hebrides.
simpeval-00304,4,21-40,40,-1.0831169472998938,lstm_w_split,40,"The island chain forms part of the Hebrides, separated from the Scottish mainland and from the Inner Hebrides by the stormy waters of the Minch, the Little Minch and the Sea of the Hebrides.",The island chain forms part of the Hebrides.,The island chain forms part of the hebrides.
simpeval-00305,5,81-100,83,0.2670681848037455,lstm_w_split,40,"The island chain forms part of the Hebrides, separated from the Scottish mainland and from the Inner Hebrides by the stormy waters of the Minch, the Little Minch and the Sea of the Hebrides.",The island chain forms part of the Hebrides.,The island chain forms part of the hebrides.
simpeval-00306,1,41-60,55,-0.5225062141713352,asset.test.simp,40,"The island chain forms part of the Hebrides, separated from the Scottish mainland and from the Inner Hebrides by the stormy waters of the Minch, the Little Minch and the Sea of the Hebrides.",Hebrides are an island chain separated from the Scottish mainland and from the Inner Hebrides by the Minch Waters Little Minch and the Sea of the Hebrides.,Hebrides are an island chain separated from the Scottish mainland and from the Inner Hebrides by the Minch waters little Minch and the sea of the hebrides.
simpeval-00307,2,81-100,84,0.4542193681094902,asset.test.simp,40,"The island chain forms part of the Hebrides, separated from the Scottish mainland and from the Inner Hebrides by the stormy waters of the Minch, the Little Minch and the Sea of the Hebrides.",Hebrides are an island chain separated from the Scottish mainland and from the Inner Hebrides by the Minch Waters Little Minch and the Sea of the Hebrides.,Hebrides are an island chain separated from the Scottish mainland and from the Inner Hebrides by the Minch waters little Minch and the sea of the hebrides.
simpeval-00308,3,81-100,95,1.036964443008244,asset.test.simp,40,"The island chain forms part of the Hebrides, separated from the Scottish mainland and from the Inner Hebrides by the stormy waters of the Minch, the Little Minch and the Sea of the Hebrides.",Hebrides are an island chain separated from the Scottish mainland and from the Inner Hebrides by the Minch Waters Little Minch and the Sea of the Hebrides.,Hebrides are an island chain separated from the Scottish mainland and from the Inner Hebrides by the Minch waters little Minch and the sea of the hebrides.
simpeval-00309,4,41-60,50,-0.6786247123761923,asset.test.simp,40,"The island chain forms part of the Hebrides, separated from the Scottish mainland and from the Inner Hebrides by the stormy waters of the Minch, the Little Minch and the Sea of the Hebrides.",Hebrides are an island chain separated from the Scottish mainland and from the Inner Hebrides by the Minch Waters Little Minch and the Sea of the Hebrides.,Hebrides are an island chain separated from the Scottish mainland and from the Inner Hebrides by the Minch waters little Minch and the sea of the hebrides.
simpeval-00310,5,21-40,40,-1.2697783366031743,asset.test.simp,40,"The island chain forms part of the Hebrides, separated from the Scottish mainland and from the Inner Hebrides by the stormy waters of the Minch, the Little Minch and the Sea of the Hebrides.",Hebrides are an island chain separated from the Scottish mainland and from the Inner Hebrides by the Minch Waters Little Minch and the Sea of the Hebrides.,Hebrides are an island chain separated from the Scottish mainland and from the Inner Hebrides by the Minch waters little Minch and the sea of the hebrides.
simpeval-00311,1,21-40,40,-1.440644212926083,scramble_words,40,"The island chain forms part of the Hebrides, separated from the Scottish mainland and from the Inner Hebrides by the stormy waters of the Minch, the Little Minch and the Sea of the Hebrides.","The island chain forms part of the Hebrides, the from separated Scottish mainland and by the Sea Hebrides from the stormy waters of the Minch, the Little Minch and the inner of the Hebrides.","The island chain forms part of the Hebrides, the from separated Scottish mainland and by the Sea Hebrides from the stormy waters of the Minch, the Little Minch and the Inner of the Hebrides."
simpeval-00312,2,61-80,70,-1.2101103935982291,scramble_words,40,"The island chain forms part of the Hebrides, separated from the Scottish mainland and from the Inner Hebrides by the stormy waters of the Minch, the Little Minch and the Sea of the Hebrides.","The island chain forms part of the Hebrides, the from separated Scottish mainland and by the Sea Hebrides from the stormy waters of the Minch, the Little Minch and the inner of the Hebrides.","The island chain forms part of the Hebrides, the from separated Scottish mainland and by the Sea Hebrides from the stormy waters of the Minch, the Little Minch and the Inner of the Hebrides."
simpeval-00313,3,61-80,65,-1.064763295225956,scramble_words,40,"The island chain forms part of the Hebrides, separated from the Scottish mainland and from the Inner Hebrides by the stormy waters of the Minch, the Little Minch and the Sea of the Hebrides.","The island chain forms part of the Hebrides, the from separated Scottish mainland and by the Sea Hebrides from the stormy waters of the Minch, the Little Minch and the inner of the Hebrides.","The island chain forms part of the Hebrides, the from separated Scottish mainland and by the Sea Hebrides from the stormy waters of the Minch, the Little Minch and the Inner of the Hebrides."
simpeval-00314,4,0-20,10,-2.296593652070998,scramble_words,40,"The island chain forms part of the Hebrides, separated from the Scottish mainland and from the Inner Hebrides by the stormy waters of the Minch, the Little Minch and the Sea of the Hebrides.","The island chain forms part of the Hebrides, the from separated Scottish mainland and by the Sea Hebrides from the stormy waters of the Minch, the Little Minch and the inner of the Hebrides.","The island chain forms part of the Hebrides, the from separated Scottish mainland and by the Sea Hebrides from the stormy waters of the Minch, the Little Minch and the Inner of the Hebrides."
simpeval-00315,5,0-20,0,-2.6994030076793787,scramble_words,40,"The island chain forms part of the Hebrides, separated from the Scottish mainland and from the Inner Hebrides by the stormy waters of the Minch, the Little Minch and the Sea of the Hebrides.","The island chain forms part of the Hebrides, the from separated Scottish mainland and by the Sea Hebrides from the stormy waters of the Minch, the Little Minch and the inner of the Hebrides.","The island chain forms part of the Hebrides, the from separated Scottish mainland and by the Sea Hebrides from the stormy waters of the Minch, the Little Minch and the Inner of the Hebrides."
simpeval-00316,1,41-60,58,-0.3388786144203857,new_simple_wiki,40,"The island chain forms part of the Hebrides, separated from the Scottish mainland and from the Inner Hebrides by the stormy waters of the Minch, the Little Minch and the Sea of the Hebrides.","They form part of the Hebrides, separated from the Scottish mainland and from the Inner Hebrides by the stormy waters of the Minch, the Little Minch and the Sea of the Hebrides.","They form part of the hebrides, separated from the scottish mainland and from the inner hebrides by the stormy waters of the minch, the little minch and the sea of the hebrides."
simpeval-00317,2,61-80,80,-0.0213034209498581,new_simple_wiki,40,"The island chain forms part of the Hebrides, separated from the Scottish mainland and from the Inner Hebrides by the stormy waters of the Minch, the Little Minch and the Sea of the Hebrides.","They form part of the Hebrides, separated from the Scottish mainland and from the Inner Hebrides by the stormy waters of the Minch, the Little Minch and the Sea of the Hebrides.","They form part of the hebrides, separated from the scottish mainland and from the inner hebrides by the stormy waters of the minch, the little minch and the sea of the hebrides."
simpeval-00318,3,61-80,75,-0.3641873824812227,new_simple_wiki,40,"The island chain forms part of the Hebrides, separated from the Scottish mainland and from the Inner Hebrides by the stormy waters of the Minch, the Little Minch and the Sea of the Hebrides.","They form part of the Hebrides, separated from the Scottish mainland and from the Inner Hebrides by the stormy waters of the Minch, the Little Minch and the Sea of the Hebrides.","They form part of the hebrides, separated from the scottish mainland and from the inner hebrides by the stormy waters of the minch, the little minch and the sea of the hebrides."
simpeval-00319,4,61-80,77,0.4135043219178018,new_simple_wiki,40,"The island chain forms part of the Hebrides, separated from the Scottish mainland and from the Inner Hebrides by the stormy waters of the Minch, the Little Minch and the Sea of the Hebrides.","They form part of the Hebrides, separated from the Scottish mainland and from the Inner Hebrides by the stormy waters of the Minch, the Little Minch and the Sea of the Hebrides.","They form part of the hebrides, separated from the scottish mainland and from the inner hebrides by the stormy waters of the minch, the little minch and the sea of the hebrides."
simpeval-00320,5,61-80,80,0.1598463344730301,new_simple_wiki,40,"The island chain forms part of the Hebrides, separated from the Scottish mainland and from the Inner Hebrides by the stormy waters of the Minch, the Little Minch and the Sea of the Hebrides.","They form part of the Hebrides, separated from the Scottish mainland and from the Inner Hebrides by the stormy waters of the Minch, the Little Minch and the Sea of the Hebrides.","They form part of the hebrides, separated from the scottish mainland and from the inner hebrides by the stormy waters of the minch, the little minch and the sea of the hebrides."
simpeval-00321,1,41-60,45,-1.1345982133411672,SEMoses_all,40,"The island chain forms part of the Hebrides, separated from the Scottish mainland and from the Inner Hebrides by the stormy waters of the Minch, the Little Minch and the Sea of the Hebrides.",The island chain forms part of the Hebrides separated from the Scottish mainland. Separated from the Inner Hebrides by the stormy waters of the Minch.,The island chain forms part of the Hebrides separated from the Scottish mainland. || separated from the inner Hebrides by the stormy waters of the Minch.
simpeval-00322,2,81-100,86,0.6919807626391645,SEMoses_all,40,"The island chain forms part of the Hebrides, separated from the Scottish mainland and from the Inner Hebrides by the stormy waters of the Minch, the Little Minch and the Sea of the Hebrides.",The island chain forms part of the Hebrides separated from the Scottish mainland. Separated from the Inner Hebrides by the stormy waters of the Minch.,The island chain forms part of the Hebrides separated from the Scottish mainland. || separated from the inner Hebrides by the stormy waters of the Minch.
simpeval-00323,3,61-80,70,-0.7144753388535894,SEMoses_all,40,"The island chain forms part of the Hebrides, separated from the Scottish mainland and from the Inner Hebrides by the stormy waters of the Minch, the Little Minch and the Sea of the Hebrides.",The island chain forms part of the Hebrides separated from the Scottish mainland. Separated from the Inner Hebrides by the stormy waters of the Minch.,The island chain forms part of the Hebrides separated from the Scottish mainland. || separated from the inner Hebrides by the stormy waters of the Minch.
simpeval-00324,4,21-40,25,-1.689855299685446,SEMoses_all,40,"The island chain forms part of the Hebrides, separated from the Scottish mainland and from the Inner Hebrides by the stormy waters of the Minch, the Little Minch and the Sea of the Hebrides.",The island chain forms part of the Hebrides separated from the Scottish mainland. Separated from the Inner Hebrides by the stormy waters of the Minch.,The island chain forms part of the Hebrides separated from the Scottish mainland. || separated from the inner Hebrides by the stormy waters of the Minch.
simpeval-00325,5,61-80,75,-0.0188567494114953,SEMoses_all,40,"The island chain forms part of the Hebrides, separated from the Scottish mainland and from the Inner Hebrides by the stormy waters of the Minch, the Little Minch and the Sea of the Hebrides.",The island chain forms part of the Hebrides separated from the Scottish mainland. Separated from the Inner Hebrides by the stormy waters of the Minch.,The island chain forms part of the Hebrides separated from the Scottish mainland. || separated from the inner Hebrides by the stormy waters of the Minch.
simpeval-00326,1,61-80,68,0.2732133847494461,T5-3B,40,"The island chain forms part of the Hebrides, separated from the Scottish mainland and from the Inner Hebrides by the stormy waters of the Minch, the Little Minch and the Sea of the Hebrides.","The island chain forms part of the Hebrides. It is separated from the Scottish mainland and from the Inner Hebrides by the stormy waters of the Minch, the Little Minch and the Sea of the Hebrides.","The island chain forms part of the Hebrides. || It is separated from the Scottish mainland and from the Inner Hebrides by the stormy waters of the Minch, the Little Minch and the Sea of the Hebrides."
simpeval-00327,2,81-100,90,1.1675035516985128,T5-3B,40,"The island chain forms part of the Hebrides, separated from the Scottish mainland and from the Inner Hebrides by the stormy waters of the Minch, the Little Minch and the Sea of the Hebrides.","The island chain forms part of the Hebrides. It is separated from the Scottish mainland and from the Inner Hebrides by the stormy waters of the Minch, the Little Minch and the Sea of the Hebrides.","The island chain forms part of the Hebrides. || It is separated from the Scottish mainland and from the Inner Hebrides by the stormy waters of the Minch, the Little Minch and the Sea of the Hebrides."
simpeval-00328,3,81-100,88,0.5465613040869307,T5-3B,40,"The island chain forms part of the Hebrides, separated from the Scottish mainland and from the Inner Hebrides by the stormy waters of the Minch, the Little Minch and the Sea of the Hebrides.","The island chain forms part of the Hebrides. It is separated from the Scottish mainland and from the Inner Hebrides by the stormy waters of the Minch, the Little Minch and the Sea of the Hebrides.","The island chain forms part of the Hebrides. || It is separated from the Scottish mainland and from the Inner Hebrides by the stormy waters of the Minch, the Little Minch and the Sea of the Hebrides."
simpeval-00329,4,61-80,73,0.2517074279483212,T5-3B,40,"The island chain forms part of the Hebrides, separated from the Scottish mainland and from the Inner Hebrides by the stormy waters of the Minch, the Little Minch and the Sea of the Hebrides.","The island chain forms part of the Hebrides. It is separated from the Scottish mainland and from the Inner Hebrides by the stormy waters of the Minch, the Little Minch and the Sea of the Hebrides.","The island chain forms part of the Hebrides. || It is separated from the Scottish mainland and from the Inner Hebrides by the stormy waters of the Minch, the Little Minch and the Sea of the Hebrides."
simpeval-00330,5,81-100,98,0.8031774364573222,T5-3B,40,"The island chain forms part of the Hebrides, separated from the Scottish mainland and from the Inner Hebrides by the stormy waters of the Minch, the Little Minch and the Sea of the Hebrides.","The island chain forms part of the Hebrides. It is separated from the Scottish mainland and from the Inner Hebrides by the stormy waters of the Minch, the Little Minch and the Sea of the Hebrides.","The island chain forms part of the Hebrides. || It is separated from the Scottish mainland and from the Inner Hebrides by the stormy waters of the Minch, the Little Minch and the Sea of the Hebrides."
simpeval-00331,1,61-80,66,0.1507949849154797,lstm_w_split,58,"Furthermore, she appeared in several music videos, including ""It Girl"" by John Oates and ""Just Lose It"" by Eminem.","She appeared in several music videos, including "" It Girl "" by John Oates and "" Just Lose It "" by Eminem.","She appeared in several music videos, including "" it girl "" by john oates and "" just lose it "" by eminem."
simpeval-00332,2,61-80,80,-0.0213034209498581,lstm_w_split,58,"Furthermore, she appeared in several music videos, including ""It Girl"" by John Oates and ""Just Lose It"" by Eminem.","She appeared in several music videos, including "" It Girl "" by John Oates and "" Just Lose It "" by Eminem.","She appeared in several music videos, including "" it girl "" by john oates and "" just lose it "" by eminem."
simpeval-00333,3,81-100,95,1.036964443008244,lstm_w_split,58,"Furthermore, she appeared in several music videos, including ""It Girl"" by John Oates and ""Just Lose It"" by Eminem.","She appeared in several music videos, including "" It Girl "" by John Oates and "" Just Lose It "" by Eminem.","She appeared in several music videos, including "" it girl "" by john oates and "" just lose it "" by eminem."
simpeval-00334,4,81-100,82,0.6157504393796527,lstm_w_split,58,"Furthermore, she appeared in several music videos, including ""It Girl"" by John Oates and ""Just Lose It"" by Eminem.","She appeared in several music videos, including "" It Girl "" by John Oates and "" Just Lose It "" by Eminem.","She appeared in several music videos, including "" it girl "" by john oates and "" just lose it "" by eminem."
simpeval-00335,5,81-100,100,0.8746586700111324,lstm_w_split,58,"Furthermore, she appeared in several music videos, including ""It Girl"" by John Oates and ""Just Lose It"" by Eminem.","She appeared in several music videos, including "" It Girl "" by John Oates and "" Just Lose It "" by Eminem.","She appeared in several music videos, including "" it girl "" by john oates and "" just lose it "" by eminem."
simpeval-00336,1,61-80,68,0.2732133847494461,asset.test.simp,58,"Furthermore, she appeared in several music videos, including ""It Girl"" by John Oates and ""Just Lose It"" by Eminem.","She also appeared in several music videos, including ""It Girl"" by John Oates and ""Just Lose It"" by Eminem.","She also appeared in several music videos, including ""It Girl"" by John Oates and ""Just Lose It"" by Eminem."
simpeval-00337,2,81-100,82,0.216457973579816,asset.test.simp,58,"Furthermore, she appeared in several music videos, including ""It Girl"" by John Oates and ""Just Lose It"" by Eminem.","She also appeared in several music videos, including ""It Girl"" by John Oates and ""Just Lose It"" by Eminem.","She also appeared in several music videos, including ""It Girl"" by John Oates and ""Just Lose It"" by Eminem."
simpeval-00338,3,81-100,88,0.5465613040869307,asset.test.simp,58,"Furthermore, she appeared in several music videos, including ""It Girl"" by John Oates and ""Just Lose It"" by Eminem.","She also appeared in several music videos, including ""It Girl"" by John Oates and ""Just Lose It"" by Eminem.","She also appeared in several music videos, including ""It Girl"" by John Oates and ""Just Lose It"" by Eminem."
simpeval-00339,4,81-100,84,0.6966488863643929,asset.test.simp,58,"Furthermore, she appeared in several music videos, including ""It Girl"" by John Oates and ""Just Lose It"" by Eminem.","She also appeared in several music videos, including ""It Girl"" by John Oates and ""Just Lose It"" by Eminem.","She also appeared in several music videos, including ""It Girl"" by John Oates and ""Just Lose It"" by Eminem."
simpeval-00340,5,81-100,98,0.8031774364573222,asset.test.simp,58,"Furthermore, she appeared in several music videos, including ""It Girl"" by John Oates and ""Just Lose It"" by Eminem.","She also appeared in several music videos, including ""It Girl"" by John Oates and ""Just Lose It"" by Eminem.","She also appeared in several music videos, including ""It Girl"" by John Oates and ""Just Lose It"" by Eminem."
simpeval-00341,1,61-80,78,0.8853053839192779,new_simple_wiki,58,"Furthermore, she appeared in several music videos, including ""It Girl"" by John Oates and ""Just Lose It"" by Eminem.","Also, she was in a few music videos, for example "" It Girl "" by John Oates and "" Just Lose It "" by Eminem.","Also, she was in a few music videos, for example "" it girl "" by john oates and "" just lose it "" by eminem."
simpeval-00342,2,81-100,84,0.4542193681094902,new_simple_wiki,58,"Furthermore, she appeared in several music videos, including ""It Girl"" by John Oates and ""Just Lose It"" by Eminem.","Also, she was in a few music videos, for example "" It Girl "" by John Oates and "" Just Lose It "" by Eminem.","Also, she was in a few music videos, for example "" it girl "" by john oates and "" just lose it "" by eminem."
simpeval-00343,3,81-100,94,0.9669068517337708,new_simple_wiki,58,"Furthermore, she appeared in several music videos, including ""It Girl"" by John Oates and ""Just Lose It"" by Eminem.","Also, she was in a few music videos, for example "" It Girl "" by John Oates and "" Just Lose It "" by Eminem.","Also, she was in a few music videos, for example "" it girl "" by john oates and "" just lose it "" by eminem."
simpeval-00344,4,61-80,78,0.453953545410172,new_simple_wiki,58,"Furthermore, she appeared in several music videos, including ""It Girl"" by John Oates and ""Just Lose It"" by Eminem.","Also, she was in a few music videos, for example "" It Girl "" by John Oates and "" Just Lose It "" by Eminem.","Also, she was in a few music videos, for example "" it girl "" by john oates and "" just lose it "" by eminem."
simpeval-00345,5,81-100,100,0.8746586700111324,new_simple_wiki,58,"Furthermore, she appeared in several music videos, including ""It Girl"" by John Oates and ""Just Lose It"" by Eminem.","Also, she was in a few music videos, for example "" It Girl "" by John Oates and "" Just Lose It "" by Eminem.","Also, she was in a few music videos, for example "" it girl "" by john oates and "" just lose it "" by eminem."
simpeval-00346,1,61-80,67,0.2120041848324629,T5-3B,58,"Furthermore, she appeared in several music videos, including ""It Girl"" by John Oates and ""Just Lose It"" by Eminem.","She was also in several music videos, including ""It Girl"" by John Oates and ""Just Lose It"" by Eminem.","She was also in several music videos, including ""It Girl"" by John Oates and ""Just Lose It"" by Eminem."
simpeval-00347,2,81-100,83,0.3353386708446532,T5-3B,58,"Furthermore, she appeared in several music videos, including ""It Girl"" by John Oates and ""Just Lose It"" by Eminem.","She was also in several music videos, including ""It Girl"" by John Oates and ""Just Lose It"" by Eminem.","She was also in several music videos, including ""It Girl"" by John Oates and ""Just Lose It"" by Eminem."
simpeval-00348,3,81-100,90,0.6866764866358774,T5-3B,58,"Furthermore, she appeared in several music videos, including ""It Girl"" by John Oates and ""Just Lose It"" by Eminem.","She was also in several music videos, including ""It Girl"" by John Oates and ""Just Lose It"" by Eminem.","She was also in several music videos, including ""It Girl"" by John Oates and ""Just Lose It"" by Eminem."
simpeval-00349,4,81-100,93,1.0606918977957245,T5-3B,58,"Furthermore, she appeared in several music videos, including ""It Girl"" by John Oates and ""Just Lose It"" by Eminem.","She was also in several music videos, including ""It Girl"" by John Oates and ""Just Lose It"" by Eminem.","She was also in several music videos, including ""It Girl"" by John Oates and ""Just Lose It"" by Eminem."
simpeval-00350,5,81-100,100,0.8746586700111324,T5-3B,58,"Furthermore, she appeared in several music videos, including ""It Girl"" by John Oates and ""Just Lose It"" by Eminem.","She was also in several music videos, including ""It Girl"" by John Oates and ""Just Lose It"" by Eminem.","She was also in several music videos, including ""It Girl"" by John Oates and ""Just Lose It"" by Eminem."
simpeval-00351,1,41-60,55,-0.5225062141713352,SEMoses_all,58,"Furthermore, she appeared in several music videos, including ""It Girl"" by John Oates and ""Just Lose It"" by Eminem.",She appeared in several music videos including It Girl by. John Oates and just lose it by Eminem.,She appeared in several music videos including it girl by. || John Oates and just lose it by Eminem.
simpeval-00352,2,61-80,71,-1.091229696333392,SEMoses_all,58,"Furthermore, she appeared in several music videos, including ""It Girl"" by John Oates and ""Just Lose It"" by Eminem.",She appeared in several music videos including It Girl by. John Oates and just lose it by Eminem.,She appeared in several music videos including it girl by. || John Oates and just lose it by Eminem.
simpeval-00353,3,61-80,70,-0.7144753388535894,SEMoses_all,58,"Furthermore, she appeared in several music videos, including ""It Girl"" by John Oates and ""Just Lose It"" by Eminem.",She appeared in several music videos including It Girl by. John Oates and just lose it by Eminem.,She appeared in several music videos including it girl by. || John Oates and just lose it by Eminem.
simpeval-00354,4,41-60,58,-0.355030924437231,SEMoses_all,58,"Furthermore, she appeared in several music videos, including ""It Girl"" by John Oates and ""Just Lose It"" by Eminem.",She appeared in several music videos including It Girl by. John Oates and just lose it by Eminem.,She appeared in several music videos including it girl by. || John Oates and just lose it by Eminem.
simpeval-00355,5,61-80,70,-0.1975598332960209,SEMoses_all,58,"Furthermore, she appeared in several music videos, including ""It Girl"" by John Oates and ""Just Lose It"" by Eminem.",She appeared in several music videos including It Girl by. John Oates and just lose it by Eminem.,She appeared in several music videos including it girl by. || John Oates and just lose it by Eminem.
simpeval-00356,1,21-40,40,-1.440644212926083,scramble_words,58,"Furthermore, she appeared in several music videos, including ""It Girl"" by John Oates and ""Just Lose It"" by Eminem.","And she by in several music videos, including Eminem. Girl"" appeared John Oates Furthermore, ""Just Lose It"" by ""It","And she by in several music videos, including Eminem. || Girl"" appeared John Oates Furthermore, ""Just Lose It"" by ""It"
simpeval-00357,2,61-80,65,-1.8045138799224147,scramble_words,58,"Furthermore, she appeared in several music videos, including ""It Girl"" by John Oates and ""Just Lose It"" by Eminem.","And she by in several music videos, including Eminem. Girl"" appeared John Oates Furthermore, ""Just Lose It"" by ""It","And she by in several music videos, including Eminem. || Girl"" appeared John Oates Furthermore, ""Just Lose It"" by ""It"
simpeval-00358,3,41-60,50,-2.1156271643430564,scramble_words,58,"Furthermore, she appeared in several music videos, including ""It Girl"" by John Oates and ""Just Lose It"" by Eminem.","And she by in several music videos, including Eminem. Girl"" appeared John Oates Furthermore, ""Just Lose It"" by ""It","And she by in several music videos, including Eminem. || Girl"" appeared John Oates Furthermore, ""Just Lose It"" by ""It"
simpeval-00359,4,0-20,0,-2.7010858869947,scramble_words,58,"Furthermore, she appeared in several music videos, including ""It Girl"" by John Oates and ""Just Lose It"" by Eminem.","And she by in several music videos, including Eminem. Girl"" appeared John Oates Furthermore, ""Just Lose It"" by ""It","And she by in several music videos, including Eminem. || Girl"" appeared John Oates Furthermore, ""Just Lose It"" by ""It"
simpeval-00360,5,0-20,0,-2.6994030076793787,scramble_words,58,"Furthermore, she appeared in several music videos, including ""It Girl"" by John Oates and ""Just Lose It"" by Eminem.","And she by in several music videos, including Eminem. Girl"" appeared John Oates Furthermore, ""Just Lose It"" by ""It","And she by in several music videos, including Eminem. || Girl"" appeared John Oates Furthermore, ""Just Lose It"" by ""It"
simpeval-00361,1,41-60,58,-0.3388786144203857,lstm_w_split,67,"Giardia lamblia (synonymous with Lamblia intestinalis and Giardia duodenalis) is a flagellated protozoan parasite that colonises and reproduces in the small intestine, causing giardiasis.","Giardia with is a protozoan parasite that is found in the small intestine, causing (.","Giardia with is a protozoan parasite that is found in the small intestine, causing (."
simpeval-00362,2,41-60,60,-2.3989173662466,lstm_w_split,67,"Giardia lamblia (synonymous with Lamblia intestinalis and Giardia duodenalis) is a flagellated protozoan parasite that colonises and reproduces in the small intestine, causing giardiasis.","Giardia with is a protozoan parasite that is found in the small intestine, causing (.","Giardia with is a protozoan parasite that is found in the small intestine, causing (."
simpeval-00363,3,61-80,73,-0.5043025650301693,lstm_w_split,67,"Giardia lamblia (synonymous with Lamblia intestinalis and Giardia duodenalis) is a flagellated protozoan parasite that colonises and reproduces in the small intestine, causing giardiasis.","Giardia with is a protozoan parasite that is found in the small intestine, causing (.","Giardia with is a protozoan parasite that is found in the small intestine, causing (."
simpeval-00364,4,21-40,35,-1.285363064761745,lstm_w_split,67,"Giardia lamblia (synonymous with Lamblia intestinalis and Giardia duodenalis) is a flagellated protozoan parasite that colonises and reproduces in the small intestine, causing giardiasis.","Giardia with is a protozoan parasite that is found in the small intestine, causing (.","Giardia with is a protozoan parasite that is found in the small intestine, causing (."
simpeval-00365,5,61-80,70,-0.1975598332960209,lstm_w_split,67,"Giardia lamblia (synonymous with Lamblia intestinalis and Giardia duodenalis) is a flagellated protozoan parasite that colonises and reproduces in the small intestine, causing giardiasis.","Giardia with is a protozoan parasite that is found in the small intestine, causing (.","Giardia with is a protozoan parasite that is found in the small intestine, causing (."
simpeval-00366,1,61-80,68,0.2732133847494461,asset.test.simp,67,"Giardia lamblia (synonymous with Lamblia intestinalis and Giardia duodenalis) is a flagellated protozoan parasite that colonises and reproduces in the small intestine, causing giardiasis.",Giardia Lamblia also known as Lamblia intestinalis and Giardia duodenalis is a parasite with parts that goes into the small intestine causing infection.,Giardia lamblia also known as Lamblia intestinalis and Giardia duodenalis is a parasite with parts that goes into the small intestine causing infection.
simpeval-00367,2,81-100,90,1.1675035516985128,asset.test.simp,67,"Giardia lamblia (synonymous with Lamblia intestinalis and Giardia duodenalis) is a flagellated protozoan parasite that colonises and reproduces in the small intestine, causing giardiasis.",Giardia Lamblia also known as Lamblia intestinalis and Giardia duodenalis is a parasite with parts that goes into the small intestine causing infection.,Giardia lamblia also known as Lamblia intestinalis and Giardia duodenalis is a parasite with parts that goes into the small intestine causing infection.
simpeval-00368,3,61-80,75,-0.3641873824812227,asset.test.simp,67,"Giardia lamblia (synonymous with Lamblia intestinalis and Giardia duodenalis) is a flagellated protozoan parasite that colonises and reproduces in the small intestine, causing giardiasis.",Giardia Lamblia also known as Lamblia intestinalis and Giardia duodenalis is a parasite with parts that goes into the small intestine causing infection.,Giardia lamblia also known as Lamblia intestinalis and Giardia duodenalis is a parasite with parts that goes into the small intestine causing infection.
simpeval-00369,4,81-100,90,0.939344227318614,asset.test.simp,67,"Giardia lamblia (synonymous with Lamblia intestinalis and Giardia duodenalis) is a flagellated protozoan parasite that colonises and reproduces in the small intestine, causing giardiasis.",Giardia Lamblia also known as Lamblia intestinalis and Giardia duodenalis is a parasite with parts that goes into the small intestine causing infection.,Giardia lamblia also known as Lamblia intestinalis and Giardia duodenalis is a parasite with parts that goes into the small intestine causing infection.
simpeval-00370,5,81-100,98,0.8031774364573222,asset.test.simp,67,"Giardia lamblia (synonymous with Lamblia intestinalis and Giardia duodenalis) is a flagellated protozoan parasite that colonises and reproduces in the small intestine, causing giardiasis.",Giardia Lamblia also known as Lamblia intestinalis and Giardia duodenalis is a parasite with parts that goes into the small intestine causing infection.,Giardia lamblia also known as Lamblia intestinalis and Giardia duodenalis is a parasite with parts that goes into the small intestine causing infection.
simpeval-00371,1,41-60,52,-0.7061338139222848,scramble_words,67,"Giardia lamblia (synonymous with Lamblia intestinalis and Giardia duodenalis) is a flagellated protozoan parasite that colonises and reproduces in the small intestine, causing giardiasis.","Reproduces Lamblia (synonymous with Lamblia intestinalis is Giardia duodenalis) and a flagellated protozoan that parasite colonises and Giardia in the small intestine, causing giardiasis.","Reproduces lamblia (synonymous with Lamblia intestinalis is Giardia duodenalis) and a flagellated protozoan that parasite colonises and Giardia in the small intestine, causing giardiasis."
simpeval-00372,2,61-80,70,-1.2101103935982291,scramble_words,67,"Giardia lamblia (synonymous with Lamblia intestinalis and Giardia duodenalis) is a flagellated protozoan parasite that colonises and reproduces in the small intestine, causing giardiasis.","Reproduces Lamblia (synonymous with Lamblia intestinalis is Giardia duodenalis) and a flagellated protozoan that parasite colonises and Giardia in the small intestine, causing giardiasis.","Reproduces lamblia (synonymous with Lamblia intestinalis is Giardia duodenalis) and a flagellated protozoan that parasite colonises and Giardia in the small intestine, causing giardiasis."
simpeval-00373,3,61-80,65,-1.064763295225956,scramble_words,67,"Giardia lamblia (synonymous with Lamblia intestinalis and Giardia duodenalis) is a flagellated protozoan parasite that colonises and reproduces in the small intestine, causing giardiasis.","Reproduces Lamblia (synonymous with Lamblia intestinalis is Giardia duodenalis) and a flagellated protozoan that parasite colonises and Giardia in the small intestine, causing giardiasis.","Reproduces lamblia (synonymous with Lamblia intestinalis is Giardia duodenalis) and a flagellated protozoan that parasite colonises and Giardia in the small intestine, causing giardiasis."
simpeval-00374,4,0-20,0,-2.7010858869947,scramble_words,67,"Giardia lamblia (synonymous with Lamblia intestinalis and Giardia duodenalis) is a flagellated protozoan parasite that colonises and reproduces in the small intestine, causing giardiasis.","Reproduces Lamblia (synonymous with Lamblia intestinalis is Giardia duodenalis) and a flagellated protozoan that parasite colonises and Giardia in the small intestine, causing giardiasis.","Reproduces lamblia (synonymous with Lamblia intestinalis is Giardia duodenalis) and a flagellated protozoan that parasite colonises and Giardia in the small intestine, causing giardiasis."
simpeval-00375,5,41-60,50,-0.9123721688341232,scramble_words,67,"Giardia lamblia (synonymous with Lamblia intestinalis and Giardia duodenalis) is a flagellated protozoan parasite that colonises and reproduces in the small intestine, causing giardiasis.","Reproduces Lamblia (synonymous with Lamblia intestinalis is Giardia duodenalis) and a flagellated protozoan that parasite colonises and Giardia in the small intestine, causing giardiasis.","Reproduces lamblia (synonymous with Lamblia intestinalis is Giardia duodenalis) and a flagellated protozoan that parasite colonises and Giardia in the small intestine, causing giardiasis."
simpeval-00376,1,61-80,63,-0.0328326148354698,new_simple_wiki,67,"Giardia lamblia (synonymous with Lamblia intestinalis and Giardia duodenalis) is a flagellated protozoan parasite that colonises and reproduces in the small intestine, causing giardiasis.",Giardia Lamblia (synonymous with Lamblia intestinalis and Giardia duodenalis) is a flagellated protozoan parasite that infects the gastrointestinal tract and causes giardiasis.,Giardia lamblia (synonymous with lamblia intestinalis and giardia duodenalis) is a flagellated protozoan parasite that infects the gastrointestinal tract and causes giardiasis.
simpeval-00377,2,81-100,84,0.4542193681094902,new_simple_wiki,67,"Giardia lamblia (synonymous with Lamblia intestinalis and Giardia duodenalis) is a flagellated protozoan parasite that colonises and reproduces in the small intestine, causing giardiasis.",Giardia Lamblia (synonymous with Lamblia intestinalis and Giardia duodenalis) is a flagellated protozoan parasite that infects the gastrointestinal tract and causes giardiasis.,Giardia lamblia (synonymous with lamblia intestinalis and giardia duodenalis) is a flagellated protozoan parasite that infects the gastrointestinal tract and causes giardiasis.
simpeval-00378,3,81-100,86,0.4064461215379841,new_simple_wiki,67,"Giardia lamblia (synonymous with Lamblia intestinalis and Giardia duodenalis) is a flagellated protozoan parasite that colonises and reproduces in the small intestine, causing giardiasis.",Giardia Lamblia (synonymous with Lamblia intestinalis and Giardia duodenalis) is a flagellated protozoan parasite that infects the gastrointestinal tract and causes giardiasis.,Giardia lamblia (synonymous with lamblia intestinalis and giardia duodenalis) is a flagellated protozoan parasite that infects the gastrointestinal tract and causes giardiasis.
simpeval-00379,4,61-80,65,-0.0718863599906399,new_simple_wiki,67,"Giardia lamblia (synonymous with Lamblia intestinalis and Giardia duodenalis) is a flagellated protozoan parasite that colonises and reproduces in the small intestine, causing giardiasis.",Giardia Lamblia (synonymous with Lamblia intestinalis and Giardia duodenalis) is a flagellated protozoan parasite that infects the gastrointestinal tract and causes giardiasis.,Giardia lamblia (synonymous with lamblia intestinalis and giardia duodenalis) is a flagellated protozoan parasite that infects the gastrointestinal tract and causes giardiasis.
simpeval-00380,5,61-80,70,-0.1975598332960209,new_simple_wiki,67,"Giardia lamblia (synonymous with Lamblia intestinalis and Giardia duodenalis) is a flagellated protozoan parasite that colonises and reproduces in the small intestine, causing giardiasis.",Giardia Lamblia (synonymous with Lamblia intestinalis and Giardia duodenalis) is a flagellated protozoan parasite that infects the gastrointestinal tract and causes giardiasis.,Giardia lamblia (synonymous with lamblia intestinalis and giardia duodenalis) is a flagellated protozoan parasite that infects the gastrointestinal tract and causes giardiasis.
simpeval-00381,1,41-60,45,-1.1345982133411672,SEMoses_all,67,"Giardia lamblia (synonymous with Lamblia intestinalis and Giardia duodenalis) is a flagellated protozoan parasite that colonises and reproduces in the small intestine, causing giardiasis.","If Lamblia ( synonymous with Lamblia intestinalis and if duodenalis. ) is a they protozoan parasite that colonises grasslands, including and reproduces in the small intestine causing giardiasis. Parasite colonises grasslands, including and reproduces in the small intestine. Causing Giardiasis.","If lamblia ( synonymous with lamblia intestinalis and if duodenalis. ) || is a they protozoan parasite that colonises grasslands , including and reproduces in the small intestine causing giardiasis. || parasite colonises grasslands , including and reproduces in the small intestine. || causing giardiasis."
simpeval-00382,2,41-60,60,-2.3989173662466,SEMoses_all,67,"Giardia lamblia (synonymous with Lamblia intestinalis and Giardia duodenalis) is a flagellated protozoan parasite that colonises and reproduces in the small intestine, causing giardiasis.","If Lamblia ( synonymous with Lamblia intestinalis and if duodenalis. ) is a they protozoan parasite that colonises grasslands, including and reproduces in the small intestine causing giardiasis. Parasite colonises grasslands, including and reproduces in the small intestine. Causing Giardiasis.","If lamblia ( synonymous with lamblia intestinalis and if duodenalis. ) || is a they protozoan parasite that colonises grasslands , including and reproduces in the small intestine causing giardiasis. || parasite colonises grasslands , including and reproduces in the small intestine. || causing giardiasis."
simpeval-00383,3,21-40,40,-2.8162030770877897,SEMoses_all,67,"Giardia lamblia (synonymous with Lamblia intestinalis and Giardia duodenalis) is a flagellated protozoan parasite that colonises and reproduces in the small intestine, causing giardiasis.","If Lamblia ( synonymous with Lamblia intestinalis and if duodenalis. ) is a they protozoan parasite that colonises grasslands, including and reproduces in the small intestine causing giardiasis. Parasite colonises grasslands, including and reproduces in the small intestine. Causing Giardiasis.","If lamblia ( synonymous with lamblia intestinalis and if duodenalis. ) || is a they protozoan parasite that colonises grasslands , including and reproduces in the small intestine causing giardiasis. || parasite colonises grasslands , including and reproduces in the small intestine. || causing giardiasis."
simpeval-00384,4,0-20,3,-2.579738216517589,SEMoses_all,67,"Giardia lamblia (synonymous with Lamblia intestinalis and Giardia duodenalis) is a flagellated protozoan parasite that colonises and reproduces in the small intestine, causing giardiasis.","If Lamblia ( synonymous with Lamblia intestinalis and if duodenalis. ) is a they protozoan parasite that colonises grasslands, including and reproduces in the small intestine causing giardiasis. Parasite colonises grasslands, including and reproduces in the small intestine. Causing Giardiasis.","If lamblia ( synonymous with lamblia intestinalis and if duodenalis. ) || is a they protozoan parasite that colonises grasslands , including and reproduces in the small intestine causing giardiasis. || parasite colonises grasslands , including and reproduces in the small intestine. || causing giardiasis."
simpeval-00385,5,0-20,0,-2.6994030076793787,SEMoses_all,67,"Giardia lamblia (synonymous with Lamblia intestinalis and Giardia duodenalis) is a flagellated protozoan parasite that colonises and reproduces in the small intestine, causing giardiasis.","If Lamblia ( synonymous with Lamblia intestinalis and if duodenalis. ) is a they protozoan parasite that colonises grasslands, including and reproduces in the small intestine causing giardiasis. Parasite colonises grasslands, including and reproduces in the small intestine. Causing Giardiasis.","If lamblia ( synonymous with lamblia intestinalis and if duodenalis. ) || is a they protozoan parasite that colonises grasslands , including and reproduces in the small intestine causing giardiasis. || parasite colonises grasslands , including and reproduces in the small intestine. || causing giardiasis."
simpeval-00386,1,81-100,86,1.3749789832551436,T5-3B,67,"Giardia lamblia (synonymous with Lamblia intestinalis and Giardia duodenalis) is a flagellated protozoan parasite that colonises and reproduces in the small intestine, causing giardiasis.","Giardia Lamblia is a protozoan parasite. It colonises and reproduces in the small intestine, causing giardiasis.","Giardia lamblia is a protozoan parasite. || It colonises and reproduces in the small intestine, causing giardiasis."
simpeval-00387,2,81-100,87,0.8108614599040016,T5-3B,67,"Giardia lamblia (synonymous with Lamblia intestinalis and Giardia duodenalis) is a flagellated protozoan parasite that colonises and reproduces in the small intestine, causing giardiasis.","Giardia Lamblia is a protozoan parasite. It colonises and reproduces in the small intestine, causing giardiasis.","Giardia lamblia is a protozoan parasite. || It colonises and reproduces in the small intestine, causing giardiasis."
simpeval-00388,3,81-100,98,1.247137216831664,T5-3B,67,"Giardia lamblia (synonymous with Lamblia intestinalis and Giardia duodenalis) is a flagellated protozoan parasite that colonises and reproduces in the small intestine, causing giardiasis.","Giardia Lamblia is a protozoan parasite. It colonises and reproduces in the small intestine, causing giardiasis.","Giardia lamblia is a protozoan parasite. || It colonises and reproduces in the small intestine, causing giardiasis."
simpeval-00389,4,81-100,98,1.262938015257575,T5-3B,67,"Giardia lamblia (synonymous with Lamblia intestinalis and Giardia duodenalis) is a flagellated protozoan parasite that colonises and reproduces in the small intestine, causing giardiasis.","Giardia Lamblia is a protozoan parasite. It colonises and reproduces in the small intestine, causing giardiasis.","Giardia lamblia is a protozoan parasite. || It colonises and reproduces in the small intestine, causing giardiasis."
simpeval-00390,5,81-100,100,0.8746586700111324,T5-3B,67,"Giardia lamblia (synonymous with Lamblia intestinalis and Giardia duodenalis) is a flagellated protozoan parasite that colonises and reproduces in the small intestine, causing giardiasis.","Giardia Lamblia is a protozoan parasite. It colonises and reproduces in the small intestine, causing giardiasis.","Giardia lamblia is a protozoan parasite. || It colonises and reproduces in the small intestine, causing giardiasis."
simpeval-00391,1,41-60,55,-0.5225062141713352,asset.test.simp,71,The historical method comprises the techniques and guidelines by which historians use primary sources and other evidence to research and then to write history.,Historians use certain methods to write history.,Historians use certain methods to write history.
simpeval-00392,2,81-100,90,1.1675035516985128,asset.test.simp,71,The historical method comprises the techniques and guidelines by which historians use primary sources and other evidence to research and then to write history.,Historians use certain methods to write history.,Historians use certain methods to write history.
simpeval-00393,3,61-80,80,-0.0138994261088559,asset.test.simp,71,The historical method comprises the techniques and guidelines by which historians use primary sources and other evidence to research and then to write history.,Historians use certain methods to write history.,Historians use certain methods to write history.
simpeval-00394,4,0-20,15,-2.094347534609148,asset.test.simp,71,The historical method comprises the techniques and guidelines by which historians use primary sources and other evidence to research and then to write history.,Historians use certain methods to write history.,Historians use certain methods to write history.
simpeval-00395,5,81-100,90,0.5172525022420813,asset.test.simp,71,The historical method comprises the techniques and guidelines by which historians use primary sources and other evidence to research and then to write history.,Historians use certain methods to write history.,Historians use certain methods to write history.
simpeval-00396,1,61-80,70,0.3956317845834124,lstm_w_split,71,The historical method comprises the techniques and guidelines by which historians use primary sources and other evidence to research and then to write history.,The historical method is the techniques and guidelines by which historians use primary sources and other evidence to research and then to write history.,The historical method is the techniques and guidelines by which historians use primary sources and other evidence to research and then to write history.
simpeval-00397,2,61-80,80,-0.0213034209498581,lstm_w_split,71,The historical method comprises the techniques and guidelines by which historians use primary sources and other evidence to research and then to write history.,The historical method is the techniques and guidelines by which historians use primary sources and other evidence to research and then to write history.,The historical method is the techniques and guidelines by which historians use primary sources and other evidence to research and then to write history.
simpeval-00398,3,81-100,85,0.3363885302635107,lstm_w_split,71,The historical method comprises the techniques and guidelines by which historians use primary sources and other evidence to research and then to write history.,The historical method is the techniques and guidelines by which historians use primary sources and other evidence to research and then to write history.,The historical method is the techniques and guidelines by which historians use primary sources and other evidence to research and then to write history.
simpeval-00399,4,61-80,70,0.1303597574712107,lstm_w_split,71,The historical method comprises the techniques and guidelines by which historians use primary sources and other evidence to research and then to write history.,The historical method is the techniques and guidelines by which historians use primary sources and other evidence to research and then to write history.,The historical method is the techniques and guidelines by which historians use primary sources and other evidence to research and then to write history.
simpeval-00400,5,81-100,85,0.3385494183575557,lstm_w_split,71,The historical method comprises the techniques and guidelines by which historians use primary sources and other evidence to research and then to write history.,The historical method is the techniques and guidelines by which historians use primary sources and other evidence to research and then to write history.,The historical method is the techniques and guidelines by which historians use primary sources and other evidence to research and then to write history.
simpeval-00401,1,21-40,30,-2.052736212095915,scramble_words,71,The historical method comprises the techniques and guidelines by which historians use primary sources and other evidence to research and then to write history.,and historical method and techniques the The guidelines by which historians use primary sources comprises then evidence to research and other to write history.,And historical method and techniques the The guidelines by which historians use primary sources comprises then evidence to research and other to write history.
simpeval-00402,2,61-80,75,-0.6157069072740436,scramble_words,71,The historical method comprises the techniques and guidelines by which historians use primary sources and other evidence to research and then to write history.,and historical method and techniques the The guidelines by which historians use primary sources comprises then evidence to research and other to write history.,And historical method and techniques the The guidelines by which historians use primary sources comprises then evidence to research and other to write history.
simpeval-00403,3,21-40,40,-2.8162030770877897,scramble_words,71,The historical method comprises the techniques and guidelines by which historians use primary sources and other evidence to research and then to write history.,and historical method and techniques the The guidelines by which historians use primary sources comprises then evidence to research and other to write history.,And historical method and techniques the The guidelines by which historians use primary sources comprises then evidence to research and other to write history.
simpeval-00404,4,0-20,5,-2.4988397695328493,scramble_words,71,The historical method comprises the techniques and guidelines by which historians use primary sources and other evidence to research and then to write history.,and historical method and techniques the The guidelines by which historians use primary sources comprises then evidence to research and other to write history.,And historical method and techniques the The guidelines by which historians use primary sources comprises then evidence to research and other to write history.
simpeval-00405,5,0-20,0,-2.6994030076793787,scramble_words,71,The historical method comprises the techniques and guidelines by which historians use primary sources and other evidence to research and then to write history.,and historical method and techniques the The guidelines by which historians use primary sources comprises then evidence to research and other to write history.,And historical method and techniques the The guidelines by which historians use primary sources comprises then evidence to research and other to write history.
simpeval-00406,1,41-60,58,-0.3388786144203857,new_simple_wiki,71,The historical method comprises the techniques and guidelines by which historians use primary sources and other evidence to research and then to write history.,The historical method are the techniques and guidelines by which historians use primary sources and other evidence to research and then to write history.,The historical method are the techniques and guidelines by which historians use primary sources and other evidence to research and then to write history.
simpeval-00407,2,81-100,84,0.4542193681094902,new_simple_wiki,71,The historical method comprises the techniques and guidelines by which historians use primary sources and other evidence to research and then to write history.,The historical method are the techniques and guidelines by which historians use primary sources and other evidence to research and then to write history.,The historical method are the techniques and guidelines by which historians use primary sources and other evidence to research and then to write history.
simpeval-00408,3,81-100,81,0.0561581651656173,new_simple_wiki,71,The historical method comprises the techniques and guidelines by which historians use primary sources and other evidence to research and then to write history.,The historical method are the techniques and guidelines by which historians use primary sources and other evidence to research and then to write history.,The historical method are the techniques and guidelines by which historians use primary sources and other evidence to research and then to write history.
simpeval-00409,4,61-80,70,0.1303597574712107,new_simple_wiki,71,The historical method comprises the techniques and guidelines by which historians use primary sources and other evidence to research and then to write history.,The historical method are the techniques and guidelines by which historians use primary sources and other evidence to research and then to write history.,The historical method are the techniques and guidelines by which historians use primary sources and other evidence to research and then to write history.
simpeval-00410,5,81-100,95,0.6959555861266069,new_simple_wiki,71,The historical method comprises the techniques and guidelines by which historians use primary sources and other evidence to research and then to write history.,The historical method are the techniques and guidelines by which historians use primary sources and other evidence to research and then to write history.,The historical method are the techniques and guidelines by which historians use primary sources and other evidence to research and then to write history.
simpeval-00411,1,81-100,85,1.3137697833381603,T5-3B,71,The historical method comprises the techniques and guidelines by which historians use primary sources and other evidence to research and then to write history.,The historical method is the way historians use primary sources and other evidence to research and then to write history.,The historical method is the way historians use primary sources and other evidence to research and then to write history.
simpeval-00412,2,81-100,85,0.5731000653743273,T5-3B,71,The historical method comprises the techniques and guidelines by which historians use primary sources and other evidence to research and then to write history.,The historical method is the way historians use primary sources and other evidence to research and then to write history.,The historical method is the way historians use primary sources and other evidence to research and then to write history.
simpeval-00413,3,81-100,90,0.6866764866358774,T5-3B,71,The historical method comprises the techniques and guidelines by which historians use primary sources and other evidence to research and then to write history.,The historical method is the way historians use primary sources and other evidence to research and then to write history.,The historical method is the way historians use primary sources and other evidence to research and then to write history.
simpeval-00414,4,81-100,87,0.8179965568415034,T5-3B,71,The historical method comprises the techniques and guidelines by which historians use primary sources and other evidence to research and then to write history.,The historical method is the way historians use primary sources and other evidence to research and then to write history.,The historical method is the way historians use primary sources and other evidence to research and then to write history.
simpeval-00415,5,81-100,98,0.8031774364573222,T5-3B,71,The historical method comprises the techniques and guidelines by which historians use primary sources and other evidence to research and then to write history.,The historical method is the way historians use primary sources and other evidence to research and then to write history.,The historical method is the way historians use primary sources and other evidence to research and then to write history.
simpeval-00416,1,41-60,45,-1.1345982133411672,SEMoses_all,71,The historical method comprises the techniques and guidelines by which historians use primary sources and other evidence to research and then to write history.,The historical method comprises the techniques and guidelines by which historians use primary sources and other evidence to research. Historians then to write history.,The historical method comprises the techniques and guidelines by which historians use primary sources and other evidence to research. || historians then to write history.
simpeval-00417,2,61-80,78,-0.2590648154795323,SEMoses_all,71,The historical method comprises the techniques and guidelines by which historians use primary sources and other evidence to research and then to write history.,The historical method comprises the techniques and guidelines by which historians use primary sources and other evidence to research. Historians then to write history.,The historical method comprises the techniques and guidelines by which historians use primary sources and other evidence to research. || historians then to write history.
simpeval-00418,3,61-80,70,-0.7144753388535894,SEMoses_all,71,The historical method comprises the techniques and guidelines by which historians use primary sources and other evidence to research and then to write history.,The historical method comprises the techniques and guidelines by which historians use primary sources and other evidence to research. Historians then to write history.,The historical method comprises the techniques and guidelines by which historians use primary sources and other evidence to research. || historians then to write history.
simpeval-00419,4,61-80,70,0.1303597574712107,SEMoses_all,71,The historical method comprises the techniques and guidelines by which historians use primary sources and other evidence to research and then to write history.,The historical method comprises the techniques and guidelines by which historians use primary sources and other evidence to research. Historians then to write history.,The historical method comprises the techniques and guidelines by which historians use primary sources and other evidence to research. || historians then to write history.
simpeval-00420,5,81-100,93,0.6244743525727967,SEMoses_all,71,The historical method comprises the techniques and guidelines by which historians use primary sources and other evidence to research and then to write history.,The historical method comprises the techniques and guidelines by which historians use primary sources and other evidence to research. Historians then to write history.,The historical method comprises the techniques and guidelines by which historians use primary sources and other evidence to research. || historians then to write history.
simpeval-00421,1,41-60,55,-0.5225062141713352,lstm_w_split,73,"During childhood she suffered from collapsed lungs twice, she had pneumonia 4-5 times a year, a ruptured appendix, and had a tonsillar cyst.","She had pneumonia 4-5 times a year, a ruptured appendix, and had a during cyst.","She had pneumonia 4-5 times a year, a ruptured appendix, and had a during cyst."
simpeval-00422,2,61-80,77,-0.3779455127443695,lstm_w_split,73,"During childhood she suffered from collapsed lungs twice, she had pneumonia 4-5 times a year, a ruptured appendix, and had a tonsillar cyst.","She had pneumonia 4-5 times a year, a ruptured appendix, and had a during cyst.","She had pneumonia 4-5 times a year, a ruptured appendix, and had a during cyst."
simpeval-00423,3,61-80,65,-1.064763295225956,lstm_w_split,73,"During childhood she suffered from collapsed lungs twice, she had pneumonia 4-5 times a year, a ruptured appendix, and had a tonsillar cyst.","She had pneumonia 4-5 times a year, a ruptured appendix, and had a during cyst.","She had pneumonia 4-5 times a year, a ruptured appendix, and had a during cyst."
simpeval-00424,4,61-80,70,0.1303597574712107,lstm_w_split,73,"During childhood she suffered from collapsed lungs twice, she had pneumonia 4-5 times a year, a ruptured appendix, and had a tonsillar cyst.","She had pneumonia 4-5 times a year, a ruptured appendix, and had a during cyst.","She had pneumonia 4-5 times a year, a ruptured appendix, and had a during cyst."
simpeval-00425,5,81-100,85,0.3385494183575557,lstm_w_split,73,"During childhood she suffered from collapsed lungs twice, she had pneumonia 4-5 times a year, a ruptured appendix, and had a tonsillar cyst.","She had pneumonia 4-5 times a year, a ruptured appendix, and had a during cyst.","She had pneumonia 4-5 times a year, a ruptured appendix, and had a during cyst."
simpeval-00426,1,41-60,59,-0.2776694145034025,T5-3B,73,"During childhood she suffered from collapsed lungs twice, she had pneumonia 4-5 times a year, a ruptured appendix, and had a tonsillar cyst.","During childhood she suffered from collapsed lungs twice, had pneumonia 4-5 times a year, ruptured appendix, and had a tonsillar cyst.","During childhood she suffered from collapsed lungs twice, had pneumonia 4-5 times a year, ruptured appendix, and had a tonsillar cyst."
simpeval-00427,2,81-100,84,0.4542193681094902,T5-3B,73,"During childhood she suffered from collapsed lungs twice, she had pneumonia 4-5 times a year, a ruptured appendix, and had a tonsillar cyst.","During childhood she suffered from collapsed lungs twice, had pneumonia 4-5 times a year, ruptured appendix, and had a tonsillar cyst.","During childhood she suffered from collapsed lungs twice, had pneumonia 4-5 times a year, ruptured appendix, and had a tonsillar cyst."
simpeval-00428,3,81-100,88,0.5465613040869307,T5-3B,73,"During childhood she suffered from collapsed lungs twice, she had pneumonia 4-5 times a year, a ruptured appendix, and had a tonsillar cyst.","During childhood she suffered from collapsed lungs twice, had pneumonia 4-5 times a year, ruptured appendix, and had a tonsillar cyst.","During childhood she suffered from collapsed lungs twice, had pneumonia 4-5 times a year, ruptured appendix, and had a tonsillar cyst."
simpeval-00429,4,61-80,75,0.3326058749330615,T5-3B,73,"During childhood she suffered from collapsed lungs twice, she had pneumonia 4-5 times a year, a ruptured appendix, and had a tonsillar cyst.","During childhood she suffered from collapsed lungs twice, had pneumonia 4-5 times a year, ruptured appendix, and had a tonsillar cyst.","During childhood she suffered from collapsed lungs twice, had pneumonia 4-5 times a year, ruptured appendix, and had a tonsillar cyst."
simpeval-00430,5,81-100,90,0.5172525022420813,T5-3B,73,"During childhood she suffered from collapsed lungs twice, she had pneumonia 4-5 times a year, a ruptured appendix, and had a tonsillar cyst.","During childhood she suffered from collapsed lungs twice, had pneumonia 4-5 times a year, ruptured appendix, and had a tonsillar cyst.","During childhood she suffered from collapsed lungs twice, had pneumonia 4-5 times a year, ruptured appendix, and had a tonsillar cyst."
simpeval-00431,1,21-40,30,-2.052736212095915,scramble_words,73,"During childhood she suffered from collapsed lungs twice, she had pneumonia 4-5 times a year, a ruptured appendix, and had a tonsillar cyst.","4-5 from she a childhood appendix, lungs twice, she had pneumonia during times a year, suffered ruptured collapsed and had a tonsillar cyst.","4-5 from she a childhood appendix, lungs twice, she had pneumonia During times a year, suffered ruptured collapsed and had a tonsillar cyst."
simpeval-00432,2,61-80,70,-1.2101103935982291,scramble_words,73,"During childhood she suffered from collapsed lungs twice, she had pneumonia 4-5 times a year, a ruptured appendix, and had a tonsillar cyst.","4-5 from she a childhood appendix, lungs twice, she had pneumonia during times a year, suffered ruptured collapsed and had a tonsillar cyst.","4-5 from she a childhood appendix, lungs twice, she had pneumonia During times a year, suffered ruptured collapsed and had a tonsillar cyst."
simpeval-00433,3,0-20,20,-4.217354902577257,scramble_words,73,"During childhood she suffered from collapsed lungs twice, she had pneumonia 4-5 times a year, a ruptured appendix, and had a tonsillar cyst.","4-5 from she a childhood appendix, lungs twice, she had pneumonia during times a year, suffered ruptured collapsed and had a tonsillar cyst.","4-5 from she a childhood appendix, lungs twice, she had pneumonia During times a year, suffered ruptured collapsed and had a tonsillar cyst."
simpeval-00434,4,0-20,0,-2.7010858869947,scramble_words,73,"During childhood she suffered from collapsed lungs twice, she had pneumonia 4-5 times a year, a ruptured appendix, and had a tonsillar cyst.","4-5 from she a childhood appendix, lungs twice, she had pneumonia during times a year, suffered ruptured collapsed and had a tonsillar cyst.","4-5 from she a childhood appendix, lungs twice, she had pneumonia During times a year, suffered ruptured collapsed and had a tonsillar cyst."
simpeval-00435,5,0-20,0,-2.6994030076793787,scramble_words,73,"During childhood she suffered from collapsed lungs twice, she had pneumonia 4-5 times a year, a ruptured appendix, and had a tonsillar cyst.","4-5 from she a childhood appendix, lungs twice, she had pneumonia during times a year, suffered ruptured collapsed and had a tonsillar cyst.","4-5 from she a childhood appendix, lungs twice, she had pneumonia During times a year, suffered ruptured collapsed and had a tonsillar cyst."
simpeval-00436,1,61-80,75,0.7016777841683284,new_simple_wiki,73,"During childhood she suffered from collapsed lungs twice, she had pneumonia 4-5 times a year, a ruptured appendix, and had a tonsillar cyst.","She had a collapsed lung twice, had pneumonia four or five times each year and had problems with her appendix and tonsils.","She had a collapsed lung twice, had pneumonia four or five times each year and had problems with her appendix and tonsils."
simpeval-00437,2,81-100,86,0.6919807626391645,new_simple_wiki,73,"During childhood she suffered from collapsed lungs twice, she had pneumonia 4-5 times a year, a ruptured appendix, and had a tonsillar cyst.","She had a collapsed lung twice, had pneumonia four or five times each year and had problems with her appendix and tonsils.","She had a collapsed lung twice, had pneumonia four or five times each year and had problems with her appendix and tonsils."
simpeval-00438,3,81-100,90,0.6866764866358774,new_simple_wiki,73,"During childhood she suffered from collapsed lungs twice, she had pneumonia 4-5 times a year, a ruptured appendix, and had a tonsillar cyst.","She had a collapsed lung twice, had pneumonia four or five times each year and had problems with her appendix and tonsils.","She had a collapsed lung twice, had pneumonia four or five times each year and had problems with her appendix and tonsils."
simpeval-00439,4,81-100,97,1.222488791765205,new_simple_wiki,73,"During childhood she suffered from collapsed lungs twice, she had pneumonia 4-5 times a year, a ruptured appendix, and had a tonsillar cyst.","She had a collapsed lung twice, had pneumonia four or five times each year and had problems with her appendix and tonsils.","She had a collapsed lung twice, had pneumonia four or five times each year and had problems with her appendix and tonsils."
simpeval-00440,5,21-40,30,-1.6271845043722255,new_simple_wiki,73,"During childhood she suffered from collapsed lungs twice, she had pneumonia 4-5 times a year, a ruptured appendix, and had a tonsillar cyst.","She had a collapsed lung twice, had pneumonia four or five times each year and had problems with her appendix and tonsils.","She had a collapsed lung twice, had pneumonia four or five times each year and had problems with her appendix and tonsils."
simpeval-00441,1,61-80,80,1.0077237837532445,asset.test.simp,73,"During childhood she suffered from collapsed lungs twice, she had pneumonia 4-5 times a year, a ruptured appendix, and had a tonsillar cyst.","During childhood she suffered from collapsed lungs twice. She also had a ruptured appendix, a tonsillar cyst, and pneumonia 4-5 times a year.","During childhood she suffered from collapsed lungs twice. || She also had a ruptured appendix, a tonsillar cyst, and pneumonia 4-5 times a year."
simpeval-00442,2,81-100,88,0.9297421571688388,asset.test.simp,73,"During childhood she suffered from collapsed lungs twice, she had pneumonia 4-5 times a year, a ruptured appendix, and had a tonsillar cyst.","During childhood she suffered from collapsed lungs twice. She also had a ruptured appendix, a tonsillar cyst, and pneumonia 4-5 times a year.","During childhood she suffered from collapsed lungs twice. || She also had a ruptured appendix, a tonsillar cyst, and pneumonia 4-5 times a year."
simpeval-00443,3,61-80,80,-0.0138994261088559,asset.test.simp,73,"During childhood she suffered from collapsed lungs twice, she had pneumonia 4-5 times a year, a ruptured appendix, and had a tonsillar cyst.","During childhood she suffered from collapsed lungs twice. She also had a ruptured appendix, a tonsillar cyst, and pneumonia 4-5 times a year.","During childhood she suffered from collapsed lungs twice. || She also had a ruptured appendix, a tonsillar cyst, and pneumonia 4-5 times a year."
simpeval-00444,4,81-100,100,1.3438364622423151,asset.test.simp,73,"During childhood she suffered from collapsed lungs twice, she had pneumonia 4-5 times a year, a ruptured appendix, and had a tonsillar cyst.","During childhood she suffered from collapsed lungs twice. She also had a ruptured appendix, a tonsillar cyst, and pneumonia 4-5 times a year.","During childhood she suffered from collapsed lungs twice. || She also had a ruptured appendix, a tonsillar cyst, and pneumonia 4-5 times a year."
simpeval-00445,5,0-20,0,-2.6994030076793787,asset.test.simp,73,"During childhood she suffered from collapsed lungs twice, she had pneumonia 4-5 times a year, a ruptured appendix, and had a tonsillar cyst.","During childhood she suffered from collapsed lungs twice. She also had a ruptured appendix, a tonsillar cyst, and pneumonia 4-5 times a year.","During childhood she suffered from collapsed lungs twice. || She also had a ruptured appendix, a tonsillar cyst, and pneumonia 4-5 times a year."
simpeval-00446,1,21-40,35,-1.746690212510999,SEMoses_all,73,"During childhood she suffered from collapsed lungs twice, she had pneumonia 4-5 times a year, a ruptured appendix, and had a tonsillar cyst.",Childhood she suffered from collapsed lungs twice. She had pneumonia 4 5 times a year a ruptured appendix and had a tonsils.,Childhood she suffered from collapsed lungs twice. || she had pneumonia 4 5 times a year a ruptured appendix and had a tonsils.
simpeval-00447,2,61-80,72,-0.972348999068555,SEMoses_all,73,"During childhood she suffered from collapsed lungs twice, she had pneumonia 4-5 times a year, a ruptured appendix, and had a tonsillar cyst.",Childhood she suffered from collapsed lungs twice. She had pneumonia 4 5 times a year a ruptured appendix and had a tonsils.,Childhood she suffered from collapsed lungs twice. || she had pneumonia 4 5 times a year a ruptured appendix and had a tonsils.
simpeval-00448,3,41-60,60,-1.415051251598323,SEMoses_all,73,"During childhood she suffered from collapsed lungs twice, she had pneumonia 4-5 times a year, a ruptured appendix, and had a tonsillar cyst.",Childhood she suffered from collapsed lungs twice. She had pneumonia 4 5 times a year a ruptured appendix and had a tonsils.,Childhood she suffered from collapsed lungs twice. || she had pneumonia 4 5 times a year a ruptured appendix and had a tonsils.
simpeval-00449,4,61-80,70,0.1303597574712107,SEMoses_all,73,"During childhood she suffered from collapsed lungs twice, she had pneumonia 4-5 times a year, a ruptured appendix, and had a tonsillar cyst.",Childhood she suffered from collapsed lungs twice. She had pneumonia 4 5 times a year a ruptured appendix and had a tonsils.,Childhood she suffered from collapsed lungs twice. || she had pneumonia 4 5 times a year a ruptured appendix and had a tonsils.
simpeval-00450,5,0-20,10,-2.341996839910328,SEMoses_all,73,"During childhood she suffered from collapsed lungs twice, she had pneumonia 4-5 times a year, a ruptured appendix, and had a tonsillar cyst.",Childhood she suffered from collapsed lungs twice. She had pneumonia 4 5 times a year a ruptured appendix and had a tonsils.,Childhood she suffered from collapsed lungs twice. || she had pneumonia 4 5 times a year a ruptured appendix and had a tonsils.
simpeval-00451,1,61-80,67,0.2120041848324629,lstm_w_split,77,Google subsequently made the comic available on Google Books and their site and mentioned it on its official blog along with an explanation for the early release.,Google made the comic available on Google Books and their site and mentioned it on its official blog along with an explanation for the early release.,Google made the comic available on google books and their site and mentioned it on its official blog along with an explanation for the early release.
simpeval-00452,2,81-100,82,0.216457973579816,lstm_w_split,77,Google subsequently made the comic available on Google Books and their site and mentioned it on its official blog along with an explanation for the early release.,Google made the comic available on Google Books and their site and mentioned it on its official blog along with an explanation for the early release.,Google made the comic available on google books and their site and mentioned it on its official blog along with an explanation for the early release.
simpeval-00453,3,81-100,85,0.3363885302635107,lstm_w_split,77,Google subsequently made the comic available on Google Books and their site and mentioned it on its official blog along with an explanation for the early release.,Google made the comic available on Google Books and their site and mentioned it on its official blog along with an explanation for the early release.,Google made the comic available on google books and their site and mentioned it on its official blog along with an explanation for the early release.
simpeval-00454,4,61-80,80,0.5348519923949123,lstm_w_split,77,Google subsequently made the comic available on Google Books and their site and mentioned it on its official blog along with an explanation for the early release.,Google made the comic available on Google Books and their site and mentioned it on its official blog along with an explanation for the early release.,Google made the comic available on google books and their site and mentioned it on its official blog along with an explanation for the early release.
simpeval-00455,5,81-100,97,0.7674368196804171,lstm_w_split,77,Google subsequently made the comic available on Google Books and their site and mentioned it on its official blog along with an explanation for the early release.,Google made the comic available on Google Books and their site and mentioned it on its official blog along with an explanation for the early release.,Google made the comic available on google books and their site and mentioned it on its official blog along with an explanation for the early release.
simpeval-00456,1,41-60,48,-0.9509706135902176,scramble_words,77,Google subsequently made the comic available on Google Books and their site and mentioned it on its official blog along with an explanation for the early release.,It subsequently made the comic available on books Google and their site and blog Google on its along mentioned official with an early for the explanation release.,It subsequently made the comic available on Books Google and their site and blog Google on its along mentioned official with an early for the explanation release.
simpeval-00457,2,61-80,74,-0.7345876045388808,scramble_words,77,Google subsequently made the comic available on Google Books and their site and mentioned it on its official blog along with an explanation for the early release.,It subsequently made the comic available on books Google and their site and blog Google on its along mentioned official with an early for the explanation release.,It subsequently made the comic available on Books Google and their site and blog Google on its along mentioned official with an early for the explanation release.
simpeval-00458,3,41-60,60,-1.415051251598323,scramble_words,77,Google subsequently made the comic available on Google Books and their site and mentioned it on its official blog along with an explanation for the early release.,It subsequently made the comic available on books Google and their site and blog Google on its along mentioned official with an early for the explanation release.,It subsequently made the comic available on Books Google and their site and blog Google on its along mentioned official with an early for the explanation release.
simpeval-00459,4,21-40,40,-1.0831169472998938,scramble_words,77,Google subsequently made the comic available on Google Books and their site and mentioned it on its official blog along with an explanation for the early release.,It subsequently made the comic available on books Google and their site and blog Google on its along mentioned official with an early for the explanation release.,It subsequently made the comic available on Books Google and their site and blog Google on its along mentioned official with an early for the explanation release.
simpeval-00460,5,21-40,30,-1.6271845043722255,scramble_words,77,Google subsequently made the comic available on Google Books and their site and mentioned it on its official blog along with an explanation for the early release.,It subsequently made the comic available on books Google and their site and blog Google on its along mentioned official with an early for the explanation release.,It subsequently made the comic available on Books Google and their site and blog Google on its along mentioned official with an early for the explanation release.
simpeval-00461,1,61-80,64,0.0283765850815133,new_simple_wiki,77,Google subsequently made the comic available on Google Books and their site and mentioned it on its official blog along with an explanation for the early release.,Google then made the comic available on Google Books and their website and referenced it on its official blog along with an explanation for the early release.,Google then made the comic available on google books and their website and referenced it on its official blog along with an explanation for the early release.
simpeval-00462,2,61-80,80,-0.0213034209498581,new_simple_wiki,77,Google subsequently made the comic available on Google Books and their site and mentioned it on its official blog along with an explanation for the early release.,Google then made the comic available on Google Books and their website and referenced it on its official blog along with an explanation for the early release.,Google then made the comic available on google books and their website and referenced it on its official blog along with an explanation for the early release.
simpeval-00463,3,81-100,84,0.2663309389890374,new_simple_wiki,77,Google subsequently made the comic available on Google Books and their site and mentioned it on its official blog along with an explanation for the early release.,Google then made the comic available on Google Books and their website and referenced it on its official blog along with an explanation for the early release.,Google then made the comic available on google books and their website and referenced it on its official blog along with an explanation for the early release.
simpeval-00464,4,81-100,90,0.939344227318614,new_simple_wiki,77,Google subsequently made the comic available on Google Books and their site and mentioned it on its official blog along with an explanation for the early release.,Google then made the comic available on Google Books and their website and referenced it on its official blog along with an explanation for the early release.,Google then made the comic available on google books and their website and referenced it on its official blog along with an explanation for the early release.
simpeval-00465,5,81-100,92,0.5887337357958915,new_simple_wiki,77,Google subsequently made the comic available on Google Books and their site and mentioned it on its official blog along with an explanation for the early release.,Google then made the comic available on Google Books and their website and referenced it on its official blog along with an explanation for the early release.,Google then made the comic available on google books and their website and referenced it on its official blog along with an explanation for the early release.
simpeval-00466,1,81-100,82,1.1301421835872107,asset.test.simp,77,Google subsequently made the comic available on Google Books and their site and mentioned it on its official blog along with an explanation for the early release.,Google put the comic on Google Books and on its blog. Then they told why they gave it out early.,Google put the comic on Google Books and on its blog. || Then they told why they gave it out early.
simpeval-00467,2,81-100,93,1.5241456434930245,asset.test.simp,77,Google subsequently made the comic available on Google Books and their site and mentioned it on its official blog along with an explanation for the early release.,Google put the comic on Google Books and on its blog. Then they told why they gave it out early.,Google put the comic on Google Books and on its blog. || Then they told why they gave it out early.
simpeval-00468,3,81-100,95,1.036964443008244,asset.test.simp,77,Google subsequently made the comic available on Google Books and their site and mentioned it on its official blog along with an explanation for the early release.,Google put the comic on Google Books and on its blog. Then they told why they gave it out early.,Google put the comic on Google Books and on its blog. || Then they told why they gave it out early.
simpeval-00469,4,81-100,90,0.939344227318614,asset.test.simp,77,Google subsequently made the comic available on Google Books and their site and mentioned it on its official blog along with an explanation for the early release.,Google put the comic on Google Books and on its blog. Then they told why they gave it out early.,Google put the comic on Google Books and on its blog. || Then they told why they gave it out early.
simpeval-00470,5,61-80,75,-0.0188567494114953,asset.test.simp,77,Google subsequently made the comic available on Google Books and their site and mentioned it on its official blog along with an explanation for the early release.,Google put the comic on Google Books and on its blog. Then they told why they gave it out early.,Google put the comic on Google Books and on its blog. || Then they told why they gave it out early.
simpeval-00471,1,61-80,65,0.0895857849984965,SEMoses_all,77,Google subsequently made the comic available on Google Books and their site and mentioned it on its official blog along with an explanation for the early release.,Google subsequently made the comic available on Google Books and their site. Mentioned it on its official blog along with an explanation for the early release.,Google subsequently made the comic available on google books and their site. || mentioned it on its official blog along with an explanation for the early release.
simpeval-00472,2,61-80,79,-0.1401841182146952,SEMoses_all,77,Google subsequently made the comic available on Google Books and their site and mentioned it on its official blog along with an explanation for the early release.,Google subsequently made the comic available on Google Books and their site. Mentioned it on its official blog along with an explanation for the early release.,Google subsequently made the comic available on google books and their site. || mentioned it on its official blog along with an explanation for the early release.
simpeval-00473,3,61-80,75,-0.3641873824812227,SEMoses_all,77,Google subsequently made the comic available on Google Books and their site and mentioned it on its official blog along with an explanation for the early release.,Google subsequently made the comic available on Google Books and their site. Mentioned it on its official blog along with an explanation for the early release.,Google subsequently made the comic available on google books and their site. || mentioned it on its official blog along with an explanation for the early release.
simpeval-00474,4,61-80,70,0.1303597574712107,SEMoses_all,77,Google subsequently made the comic available on Google Books and their site and mentioned it on its official blog along with an explanation for the early release.,Google subsequently made the comic available on Google Books and their site. Mentioned it on its official blog along with an explanation for the early release.,Google subsequently made the comic available on google books and their site. || mentioned it on its official blog along with an explanation for the early release.
simpeval-00475,5,41-60,50,-0.9123721688341232,SEMoses_all,77,Google subsequently made the comic available on Google Books and their site and mentioned it on its official blog along with an explanation for the early release.,Google subsequently made the comic available on Google Books and their site. Mentioned it on its official blog along with an explanation for the early release.,Google subsequently made the comic available on google books and their site. || mentioned it on its official blog along with an explanation for the early release.
simpeval-00476,1,61-80,70,0.3956317845834124,T5-3B,77,Google subsequently made the comic available on Google Books and their site and mentioned it on its official blog along with an explanation for the early release.,Google Books made the comic available on Google Books and their site. They also mentioned it on their official blog along with an explanation for the early release.,Google Books made the comic available on Google Books and their site. || They also mentioned it on their official blog along with an explanation for the early release.
simpeval-00477,2,61-80,74,-0.7345876045388808,T5-3B,77,Google subsequently made the comic available on Google Books and their site and mentioned it on its official blog along with an explanation for the early release.,Google Books made the comic available on Google Books and their site. They also mentioned it on their official blog along with an explanation for the early release.,Google Books made the comic available on Google Books and their site. || They also mentioned it on their official blog along with an explanation for the early release.
simpeval-00478,3,81-100,90,0.6866764866358774,T5-3B,77,Google subsequently made the comic available on Google Books and their site and mentioned it on its official blog along with an explanation for the early release.,Google Books made the comic available on Google Books and their site. They also mentioned it on their official blog along with an explanation for the early release.,Google Books made the comic available on Google Books and their site. || They also mentioned it on their official blog along with an explanation for the early release.
simpeval-00479,4,61-80,73,0.2517074279483212,T5-3B,77,Google subsequently made the comic available on Google Books and their site and mentioned it on its official blog along with an explanation for the early release.,Google Books made the comic available on Google Books and their site. They also mentioned it on their official blog along with an explanation for the early release.,Google Books made the comic available on Google Books and their site. || They also mentioned it on their official blog along with an explanation for the early release.
simpeval-00480,5,81-100,98,0.8031774364573222,T5-3B,77,Google subsequently made the comic available on Google Books and their site and mentioned it on its official blog along with an explanation for the early release.,Google Books made the comic available on Google Books and their site. They also mentioned it on their official blog along with an explanation for the early release.,Google Books made the comic available on Google Books and their site. || They also mentioned it on their official blog along with an explanation for the early release.
simpeval-00481,1,21-40,35,-1.746690212510999,lstm_w_split,79,"The current lineup of the band comprises Flynn (vocals, guitar), Duce (bass), Phil Demmel (guitar), and Dave McClain (drums).","The band members are Flynn ( vocals, Dave Mcclain, Flynn, Person@6, Person@7, and Dave Mcclain.","The band members are flynn ( vocals, dave mcclain , flynn , person@6 , person@7 , and dave mcclain."
simpeval-00482,2,61-80,67,-1.5667524853927406,lstm_w_split,79,"The current lineup of the band comprises Flynn (vocals, guitar), Duce (bass), Phil Demmel (guitar), and Dave McClain (drums).","The band members are Flynn ( vocals, Dave Mcclain, Flynn, Person@6, Person@7, and Dave Mcclain.","The band members are flynn ( vocals, dave mcclain , flynn , person@6 , person@7 , and dave mcclain."
simpeval-00483,3,41-60,50,-2.1156271643430564,lstm_w_split,79,"The current lineup of the band comprises Flynn (vocals, guitar), Duce (bass), Phil Demmel (guitar), and Dave McClain (drums).","The band members are Flynn ( vocals, Dave Mcclain, Flynn, Person@6, Person@7, and Dave Mcclain.","The band members are flynn ( vocals, dave mcclain , flynn , person@6 , person@7 , and dave mcclain."
simpeval-00484,4,0-20,0,-2.7010858869947,lstm_w_split,79,"The current lineup of the band comprises Flynn (vocals, guitar), Duce (bass), Phil Demmel (guitar), and Dave McClain (drums).","The band members are Flynn ( vocals, Dave Mcclain, Flynn, Person@6, Person@7, and Dave Mcclain.","The band members are flynn ( vocals, dave mcclain , flynn , person@6 , person@7 , and dave mcclain."
simpeval-00485,5,0-20,0,-2.6994030076793787,lstm_w_split,79,"The current lineup of the band comprises Flynn (vocals, guitar), Duce (bass), Phil Demmel (guitar), and Dave McClain (drums).","The band members are Flynn ( vocals, Dave Mcclain, Flynn, Person@6, Person@7, and Dave Mcclain.","The band members are flynn ( vocals, dave mcclain , flynn , person@6 , person@7 , and dave mcclain."
simpeval-00486,1,81-100,87,1.4361881831721266,asset.test.simp,79,"The current lineup of the band comprises Flynn (vocals, guitar), Duce (bass), Phil Demmel (guitar), and Dave McClain (drums).","Right now, the band includes Flynn (vocals, guitar), Duce (bass), Phil Demmel (guitar), and Dave Mcclain (drums).","Right now, the band includes Flynn (vocals, guitar), Duce (bass), Phil Demmel (guitar), and Dave McClain (drums)."
simpeval-00487,2,81-100,85,0.5731000653743273,asset.test.simp,79,"The current lineup of the band comprises Flynn (vocals, guitar), Duce (bass), Phil Demmel (guitar), and Dave McClain (drums).","Right now, the band includes Flynn (vocals, guitar), Duce (bass), Phil Demmel (guitar), and Dave Mcclain (drums).","Right now, the band includes Flynn (vocals, guitar), Duce (bass), Phil Demmel (guitar), and Dave McClain (drums)."
simpeval-00488,3,81-100,100,1.387252399380611,asset.test.simp,79,"The current lineup of the band comprises Flynn (vocals, guitar), Duce (bass), Phil Demmel (guitar), and Dave McClain (drums).","Right now, the band includes Flynn (vocals, guitar), Duce (bass), Phil Demmel (guitar), and Dave Mcclain (drums).","Right now, the band includes Flynn (vocals, guitar), Duce (bass), Phil Demmel (guitar), and Dave McClain (drums)."
simpeval-00489,4,81-100,100,1.3438364622423151,asset.test.simp,79,"The current lineup of the band comprises Flynn (vocals, guitar), Duce (bass), Phil Demmel (guitar), and Dave McClain (drums).","Right now, the band includes Flynn (vocals, guitar), Duce (bass), Phil Demmel (guitar), and Dave Mcclain (drums).","Right now, the band includes Flynn (vocals, guitar), Duce (bass), Phil Demmel (guitar), and Dave McClain (drums)."
simpeval-00490,5,81-100,95,0.6959555861266069,asset.test.simp,79,"The current lineup of the band comprises Flynn (vocals, guitar), Duce (bass), Phil Demmel (guitar), and Dave McClain (drums).","Right now, the band includes Flynn (vocals, guitar), Duce (bass), Phil Demmel (guitar), and Dave Mcclain (drums).","Right now, the band includes Flynn (vocals, guitar), Duce (bass), Phil Demmel (guitar), and Dave McClain (drums)."
simpeval-00491,1,41-60,56,-0.4612970142543521,SEMoses_all,79,"The current lineup of the band comprises Flynn (vocals, guitar), Duce (bass), Phil Demmel (guitar), and Dave McClain (drums).",The current lineup of the band comprises Flynn ( vocals guitar ) Hindus ( bass ) Phil Demmel ( guitar ) and Dave Mcclain ( drums ).,The current lineup of the band comprises Flynn ( vocals guitar ) Hindus ( bass ) Phil demmel ( guitar ) and Dave McClain ( drums ).
simpeval-00492,2,61-80,75,-0.6157069072740436,SEMoses_all,79,"The current lineup of the band comprises Flynn (vocals, guitar), Duce (bass), Phil Demmel (guitar), and Dave McClain (drums).",The current lineup of the band comprises Flynn ( vocals guitar ) Hindus ( bass ) Phil Demmel ( guitar ) and Dave Mcclain ( drums ).,The current lineup of the band comprises Flynn ( vocals guitar ) Hindus ( bass ) Phil demmel ( guitar ) and Dave McClain ( drums ).
simpeval-00493,3,61-80,70,-0.7144753388535894,SEMoses_all,79,"The current lineup of the band comprises Flynn (vocals, guitar), Duce (bass), Phil Demmel (guitar), and Dave McClain (drums).",The current lineup of the band comprises Flynn ( vocals guitar ) Hindus ( bass ) Phil Demmel ( guitar ) and Dave Mcclain ( drums ).,The current lineup of the band comprises Flynn ( vocals guitar ) Hindus ( bass ) Phil demmel ( guitar ) and Dave McClain ( drums ).
simpeval-00494,4,21-40,32,-1.406710735238855,SEMoses_all,79,"The current lineup of the band comprises Flynn (vocals, guitar), Duce (bass), Phil Demmel (guitar), and Dave McClain (drums).",The current lineup of the band comprises Flynn ( vocals guitar ) Hindus ( bass ) Phil Demmel ( guitar ) and Dave Mcclain ( drums ).,The current lineup of the band comprises Flynn ( vocals guitar ) Hindus ( bass ) Phil demmel ( guitar ) and Dave McClain ( drums ).
simpeval-00495,5,21-40,40,-1.2697783366031743,SEMoses_all,79,"The current lineup of the band comprises Flynn (vocals, guitar), Duce (bass), Phil Demmel (guitar), and Dave McClain (drums).",The current lineup of the band comprises Flynn ( vocals guitar ) Hindus ( bass ) Phil Demmel ( guitar ) and Dave Mcclain ( drums ).,The current lineup of the band comprises Flynn ( vocals guitar ) Hindus ( bass ) Phil demmel ( guitar ) and Dave McClain ( drums ).
simpeval-00496,1,61-80,73,0.5792593843343621,new_simple_wiki,79,"The current lineup of the band comprises Flynn (vocals, guitar), Duce (bass), Phil Demmel (guitar), and Dave McClain (drums).","The band members right now are: Rob Flynn (guitar, vocals), Adam Duce (bass), Dave Mcclain (drums) and Phil Demmel (guitar).","The band members right now are : rob flynn (guitar, vocals), adam duce (bass), dave mcclain (drums) and phil demmel (guitar)."
simpeval-00497,2,81-100,88,0.9297421571688388,new_simple_wiki,79,"The current lineup of the band comprises Flynn (vocals, guitar), Duce (bass), Phil Demmel (guitar), and Dave McClain (drums).","The band members right now are: Rob Flynn (guitar, vocals), Adam Duce (bass), Dave Mcclain (drums) and Phil Demmel (guitar).","The band members right now are : rob flynn (guitar, vocals), adam duce (bass), dave mcclain (drums) and phil demmel (guitar)."
simpeval-00498,3,81-100,100,1.387252399380611,new_simple_wiki,79,"The current lineup of the band comprises Flynn (vocals, guitar), Duce (bass), Phil Demmel (guitar), and Dave McClain (drums).","The band members right now are: Rob Flynn (guitar, vocals), Adam Duce (bass), Dave Mcclain (drums) and Phil Demmel (guitar).","The band members right now are : rob flynn (guitar, vocals), adam duce (bass), dave mcclain (drums) and phil demmel (guitar)."
simpeval-00499,4,61-80,77,0.4135043219178018,new_simple_wiki,79,"The current lineup of the band comprises Flynn (vocals, guitar), Duce (bass), Phil Demmel (guitar), and Dave McClain (drums).","The band members right now are: Rob Flynn (guitar, vocals), Adam Duce (bass), Dave Mcclain (drums) and Phil Demmel (guitar).","The band members right now are : rob flynn (guitar, vocals), adam duce (bass), dave mcclain (drums) and phil demmel (guitar)."
simpeval-00500,5,81-100,100,0.8746586700111324,new_simple_wiki,79,"The current lineup of the band comprises Flynn (vocals, guitar), Duce (bass), Phil Demmel (guitar), and Dave McClain (drums).","The band members right now are: Rob Flynn (guitar, vocals), Adam Duce (bass), Dave Mcclain (drums) and Phil Demmel (guitar).","The band members right now are : rob flynn (guitar, vocals), adam duce (bass), dave mcclain (drums) and phil demmel (guitar)."
simpeval-00501,1,41-60,52,-0.7061338139222848,T5-3B,79,"The current lineup of the band comprises Flynn (vocals, guitar), Duce (bass), Phil Demmel (guitar), and Dave McClain (drums).","Flynn has four members in the band; the current band members are Flynn (lead vocals, guitar), Duce (bass, Backing Vocals), Phil Demmel (guitar, backing vocals), and Dave Mcclain (drums).","Flynn has four members in the band; the current band members are Flynn (lead vocals, guitar), Duce (bass, backing vocals), Phil Demmel (guitar, backing vocals), and Dave McClain (drums)."
simpeval-00502,2,61-80,72,-0.972348999068555,T5-3B,79,"The current lineup of the band comprises Flynn (vocals, guitar), Duce (bass), Phil Demmel (guitar), and Dave McClain (drums).","Flynn has four members in the band; the current band members are Flynn (lead vocals, guitar), Duce (bass, Backing Vocals), Phil Demmel (guitar, backing vocals), and Dave Mcclain (drums).","Flynn has four members in the band; the current band members are Flynn (lead vocals, guitar), Duce (bass, backing vocals), Phil Demmel (guitar, backing vocals), and Dave McClain (drums)."
simpeval-00503,3,61-80,68,-0.8545905214025361,T5-3B,79,"The current lineup of the band comprises Flynn (vocals, guitar), Duce (bass), Phil Demmel (guitar), and Dave McClain (drums).","Flynn has four members in the band; the current band members are Flynn (lead vocals, guitar), Duce (bass, Backing Vocals), Phil Demmel (guitar, backing vocals), and Dave Mcclain (drums).","Flynn has four members in the band; the current band members are Flynn (lead vocals, guitar), Duce (bass, backing vocals), Phil Demmel (guitar, backing vocals), and Dave McClain (drums)."
simpeval-00504,4,21-40,37,-1.2044646177770042,T5-3B,79,"The current lineup of the band comprises Flynn (vocals, guitar), Duce (bass), Phil Demmel (guitar), and Dave McClain (drums).","Flynn has four members in the band; the current band members are Flynn (lead vocals, guitar), Duce (bass, Backing Vocals), Phil Demmel (guitar, backing vocals), and Dave Mcclain (drums).","Flynn has four members in the band; the current band members are Flynn (lead vocals, guitar), Duce (bass, backing vocals), Phil Demmel (guitar, backing vocals), and Dave McClain (drums)."
simpeval-00505,5,61-80,80,0.1598463344730301,T5-3B,79,"The current lineup of the band comprises Flynn (vocals, guitar), Duce (bass), Phil Demmel (guitar), and Dave McClain (drums).","Flynn has four members in the band; the current band members are Flynn (lead vocals, guitar), Duce (bass, Backing Vocals), Phil Demmel (guitar, backing vocals), and Dave Mcclain (drums).","Flynn has four members in the band; the current band members are Flynn (lead vocals, guitar), Duce (bass, backing vocals), Phil Demmel (guitar, backing vocals), and Dave McClain (drums)."
simpeval-00506,1,21-40,40,-1.440644212926083,scramble_words,79,"The current lineup of the band comprises Flynn (vocals, guitar), Duce (bass), Phil Demmel (guitar), and Dave McClain (drums).","The current lineup of the Demmel comprises Duce (vocals, guitar), Flynn (bass), (drums). Band (guitar), and Dave Mcclain Phil","The current lineup of the Demmel comprises Duce (vocals, guitar), Flynn (bass), (drums). || band (guitar), and Dave McClain Phil"
simpeval-00507,2,61-80,75,-0.6157069072740436,scramble_words,79,"The current lineup of the band comprises Flynn (vocals, guitar), Duce (bass), Phil Demmel (guitar), and Dave McClain (drums).","The current lineup of the Demmel comprises Duce (vocals, guitar), Flynn (bass), (drums). Band (guitar), and Dave Mcclain Phil","The current lineup of the Demmel comprises Duce (vocals, guitar), Flynn (bass), (drums). || band (guitar), and Dave McClain Phil"
simpeval-00508,3,41-60,50,-2.1156271643430564,scramble_words,79,"The current lineup of the band comprises Flynn (vocals, guitar), Duce (bass), Phil Demmel (guitar), and Dave McClain (drums).","The current lineup of the Demmel comprises Duce (vocals, guitar), Flynn (bass), (drums). Band (guitar), and Dave Mcclain Phil","The current lineup of the Demmel comprises Duce (vocals, guitar), Flynn (bass), (drums). || band (guitar), and Dave McClain Phil"
simpeval-00509,4,0-20,10,-2.296593652070998,scramble_words,79,"The current lineup of the band comprises Flynn (vocals, guitar), Duce (bass), Phil Demmel (guitar), and Dave McClain (drums).","The current lineup of the Demmel comprises Duce (vocals, guitar), Flynn (bass), (drums). Band (guitar), and Dave Mcclain Phil","The current lineup of the Demmel comprises Duce (vocals, guitar), Flynn (bass), (drums). || band (guitar), and Dave McClain Phil"
simpeval-00510,5,0-20,5,-2.520699923794853,scramble_words,79,"The current lineup of the band comprises Flynn (vocals, guitar), Duce (bass), Phil Demmel (guitar), and Dave McClain (drums).","The current lineup of the Demmel comprises Duce (vocals, guitar), Flynn (bass), (drums). Band (guitar), and Dave Mcclain Phil","The current lineup of the Demmel comprises Duce (vocals, guitar), Flynn (bass), (drums). || band (guitar), and Dave McClain Phil"
simpeval-00511,1,41-60,45,-1.1345982133411672,lstm_w_split,82,"The PAD called for the resignation of the governments of Thaksin Shinawatra, Samak Sundaravej and Somchai Wongsawat, whom the PAD accused of being proxies for Thaksin.",The PAD said that the pad said that the pad said that the pad said that the pad accused of being IMF's minister for Thaksin.,The pad said that the pad said that the pad said that the pad said that the pad accused of being imf 's minister for thaksin.
simpeval-00512,2,41-60,50,-3.587724338894972,lstm_w_split,82,"The PAD called for the resignation of the governments of Thaksin Shinawatra, Samak Sundaravej and Somchai Wongsawat, whom the PAD accused of being proxies for Thaksin.",The PAD said that the pad said that the pad said that the pad said that the pad accused of being IMF's minister for Thaksin.,The pad said that the pad said that the pad said that the pad said that the pad accused of being imf 's minister for thaksin.
simpeval-00513,3,41-60,60,-1.415051251598323,lstm_w_split,82,"The PAD called for the resignation of the governments of Thaksin Shinawatra, Samak Sundaravej and Somchai Wongsawat, whom the PAD accused of being proxies for Thaksin.",The PAD said that the pad said that the pad said that the pad said that the pad accused of being IMF's minister for Thaksin.,The pad said that the pad said that the pad said that the pad said that the pad accused of being imf 's minister for thaksin.
simpeval-00514,4,0-20,0,-2.7010858869947,lstm_w_split,82,"The PAD called for the resignation of the governments of Thaksin Shinawatra, Samak Sundaravej and Somchai Wongsawat, whom the PAD accused of being proxies for Thaksin.",The PAD said that the pad said that the pad said that the pad said that the pad accused of being IMF's minister for Thaksin.,The pad said that the pad said that the pad said that the pad said that the pad accused of being imf 's minister for thaksin.
simpeval-00515,5,0-20,0,-2.6994030076793787,lstm_w_split,82,"The PAD called for the resignation of the governments of Thaksin Shinawatra, Samak Sundaravej and Somchai Wongsawat, whom the PAD accused of being proxies for Thaksin.",The PAD said that the pad said that the pad said that the pad said that the pad accused of being IMF's minister for Thaksin.,The pad said that the pad said that the pad said that the pad said that the pad accused of being imf 's minister for thaksin.
simpeval-00516,1,61-80,74,0.6404685842513452,T5-3B,82,"The PAD called for the resignation of the governments of Thaksin Shinawatra, Samak Sundaravej and Somchai Wongsawat, whom the PAD accused of being proxies for Thaksin.","The pad demanded the resignation of the governments of Thaksin Shinawatra, Samak Sundaravej and Somchai Wongsawat.","The PAD demanded the resignation of the governments of Thaksin Shinawatra, Samak Sundaravej and Somchai Wongsawat."
simpeval-00517,2,81-100,82,0.216457973579816,T5-3B,82,"The PAD called for the resignation of the governments of Thaksin Shinawatra, Samak Sundaravej and Somchai Wongsawat, whom the PAD accused of being proxies for Thaksin.","The pad demanded the resignation of the governments of Thaksin Shinawatra, Samak Sundaravej and Somchai Wongsawat.","The PAD demanded the resignation of the governments of Thaksin Shinawatra, Samak Sundaravej and Somchai Wongsawat."
simpeval-00518,3,81-100,91,0.7567340779103507,T5-3B,82,"The PAD called for the resignation of the governments of Thaksin Shinawatra, Samak Sundaravej and Somchai Wongsawat, whom the PAD accused of being proxies for Thaksin.","The pad demanded the resignation of the governments of Thaksin Shinawatra, Samak Sundaravej and Somchai Wongsawat.","The PAD demanded the resignation of the governments of Thaksin Shinawatra, Samak Sundaravej and Somchai Wongsawat."
simpeval-00519,4,81-100,90,0.939344227318614,T5-3B,82,"The PAD called for the resignation of the governments of Thaksin Shinawatra, Samak Sundaravej and Somchai Wongsawat, whom the PAD accused of being proxies for Thaksin.","The pad demanded the resignation of the governments of Thaksin Shinawatra, Samak Sundaravej and Somchai Wongsawat.","The PAD demanded the resignation of the governments of Thaksin Shinawatra, Samak Sundaravej and Somchai Wongsawat."
simpeval-00520,5,81-100,94,0.6602149693497018,T5-3B,82,"The PAD called for the resignation of the governments of Thaksin Shinawatra, Samak Sundaravej and Somchai Wongsawat, whom the PAD accused of being proxies for Thaksin.","The pad demanded the resignation of the governments of Thaksin Shinawatra, Samak Sundaravej and Somchai Wongsawat.","The PAD demanded the resignation of the governments of Thaksin Shinawatra, Samak Sundaravej and Somchai Wongsawat."
simpeval-00521,1,61-80,70,0.3956317845834124,new_simple_wiki,82,"The PAD called for the resignation of the governments of Thaksin Shinawatra, Samak Sundaravej and Somchai Wongsawat, whom the PAD accused of being proxies for Thaksin.","Their purpose is asking for the resignation of the Government of the three Prime Ministers - Thaksin Shinawatra, Samak Sundaravej and Somchai Wongsawat.","Their purpose is asking for the resignation of the government of the three prime ministers - thaksin shinawatra, samak sundaravej and somchai wongsawat."
simpeval-00522,2,61-80,77,-0.3779455127443695,new_simple_wiki,82,"The PAD called for the resignation of the governments of Thaksin Shinawatra, Samak Sundaravej and Somchai Wongsawat, whom the PAD accused of being proxies for Thaksin.","Their purpose is asking for the resignation of the Government of the three Prime Ministers - Thaksin Shinawatra, Samak Sundaravej and Somchai Wongsawat.","Their purpose is asking for the resignation of the government of the three prime ministers - thaksin shinawatra, samak sundaravej and somchai wongsawat."
simpeval-00523,3,61-80,75,-0.3641873824812227,new_simple_wiki,82,"The PAD called for the resignation of the governments of Thaksin Shinawatra, Samak Sundaravej and Somchai Wongsawat, whom the PAD accused of being proxies for Thaksin.","Their purpose is asking for the resignation of the Government of the three Prime Ministers - Thaksin Shinawatra, Samak Sundaravej and Somchai Wongsawat.","Their purpose is asking for the resignation of the government of the three prime ministers - thaksin shinawatra, samak sundaravej and somchai wongsawat."
simpeval-00524,4,41-60,60,-0.2741324774524907,new_simple_wiki,82,"The PAD called for the resignation of the governments of Thaksin Shinawatra, Samak Sundaravej and Somchai Wongsawat, whom the PAD accused of being proxies for Thaksin.","Their purpose is asking for the resignation of the Government of the three Prime Ministers - Thaksin Shinawatra, Samak Sundaravej and Somchai Wongsawat.","Their purpose is asking for the resignation of the government of the three prime ministers - thaksin shinawatra, samak sundaravej and somchai wongsawat."
simpeval-00525,5,81-100,100,0.8746586700111324,new_simple_wiki,82,"The PAD called for the resignation of the governments of Thaksin Shinawatra, Samak Sundaravej and Somchai Wongsawat, whom the PAD accused of being proxies for Thaksin.","Their purpose is asking for the resignation of the Government of the three Prime Ministers - Thaksin Shinawatra, Samak Sundaravej and Somchai Wongsawat.","Their purpose is asking for the resignation of the government of the three prime ministers - thaksin shinawatra, samak sundaravej and somchai wongsawat."
simpeval-00526,1,61-80,72,0.5180501844173788,asset.test.simp,82,"The PAD called for the resignation of the governments of Thaksin Shinawatra, Samak Sundaravej and Somchai Wongsawat, whom the PAD accused of being proxies for Thaksin.","The pad called for the resignation of the Thaksin Shinawatra, Samak Sundaravej and Somchai Wongsawat governments. The pad accused them of being puppets for Thaksin.","The PAD called for the resignation of the Thaksin Shinawatra, Samak Sundaravej and Somchai Wongsawat governments. || The PAD accused them of being puppets for Thaksin."
simpeval-00527,2,81-100,95,1.7619070380226984,asset.test.simp,82,"The PAD called for the resignation of the governments of Thaksin Shinawatra, Samak Sundaravej and Somchai Wongsawat, whom the PAD accused of being proxies for Thaksin.","The pad called for the resignation of the Thaksin Shinawatra, Samak Sundaravej and Somchai Wongsawat governments. The pad accused them of being puppets for Thaksin.","The PAD called for the resignation of the Thaksin Shinawatra, Samak Sundaravej and Somchai Wongsawat governments. || The PAD accused them of being puppets for Thaksin."
simpeval-00528,3,81-100,100,1.387252399380611,asset.test.simp,82,"The PAD called for the resignation of the governments of Thaksin Shinawatra, Samak Sundaravej and Somchai Wongsawat, whom the PAD accused of being proxies for Thaksin.","The pad called for the resignation of the Thaksin Shinawatra, Samak Sundaravej and Somchai Wongsawat governments. The pad accused them of being puppets for Thaksin.","The PAD called for the resignation of the Thaksin Shinawatra, Samak Sundaravej and Somchai Wongsawat governments. || The PAD accused them of being puppets for Thaksin."
simpeval-00529,4,81-100,100,1.3438364622423151,asset.test.simp,82,"The PAD called for the resignation of the governments of Thaksin Shinawatra, Samak Sundaravej and Somchai Wongsawat, whom the PAD accused of being proxies for Thaksin.","The pad called for the resignation of the Thaksin Shinawatra, Samak Sundaravej and Somchai Wongsawat governments. The pad accused them of being puppets for Thaksin.","The PAD called for the resignation of the Thaksin Shinawatra, Samak Sundaravej and Somchai Wongsawat governments. || The PAD accused them of being puppets for Thaksin."
simpeval-00530,5,81-100,100,0.8746586700111324,asset.test.simp,82,"The PAD called for the resignation of the governments of Thaksin Shinawatra, Samak Sundaravej and Somchai Wongsawat, whom the PAD accused of being proxies for Thaksin.","The pad called for the resignation of the Thaksin Shinawatra, Samak Sundaravej and Somchai Wongsawat governments. The pad accused them of being puppets for Thaksin.","The PAD called for the resignation of the Thaksin Shinawatra, Samak Sundaravej and Somchai Wongsawat governments. || The PAD accused them of being puppets for Thaksin."
simpeval-00531,1,61-80,65,0.0895857849984965,SEMoses_all,82,"The PAD called for the resignation of the governments of Thaksin Shinawatra, Samak Sundaravej and Somchai Wongsawat, whom the PAD accused of being proxies for Thaksin.",The pad called for the resignation of the governments of Thaksin Shinawatra ' Samak Sundaravej and Somchai Wongsawat whom. The pad accused of being proxies for Thaksin.,The pad called for the resignation of the governments of Thaksin Shinawatra ' Samak Sundaravej and somchai wongsawat whom. || the pad accused of being proxies for Thaksin.
simpeval-00532,2,61-80,73,-0.8534683018037179,SEMoses_all,82,"The PAD called for the resignation of the governments of Thaksin Shinawatra, Samak Sundaravej and Somchai Wongsawat, whom the PAD accused of being proxies for Thaksin.",The pad called for the resignation of the governments of Thaksin Shinawatra ' Samak Sundaravej and Somchai Wongsawat whom. The pad accused of being proxies for Thaksin.,The pad called for the resignation of the governments of Thaksin Shinawatra ' Samak Sundaravej and somchai wongsawat whom. || the pad accused of being proxies for Thaksin.
simpeval-00533,3,61-80,75,-0.3641873824812227,SEMoses_all,82,"The PAD called for the resignation of the governments of Thaksin Shinawatra, Samak Sundaravej and Somchai Wongsawat, whom the PAD accused of being proxies for Thaksin.",The pad called for the resignation of the governments of Thaksin Shinawatra ' Samak Sundaravej and Somchai Wongsawat whom. The pad accused of being proxies for Thaksin.,The pad called for the resignation of the governments of Thaksin Shinawatra ' Samak Sundaravej and somchai wongsawat whom. || the pad accused of being proxies for Thaksin.
simpeval-00534,4,61-80,65,-0.0718863599906399,SEMoses_all,82,"The PAD called for the resignation of the governments of Thaksin Shinawatra, Samak Sundaravej and Somchai Wongsawat, whom the PAD accused of being proxies for Thaksin.",The pad called for the resignation of the governments of Thaksin Shinawatra ' Samak Sundaravej and Somchai Wongsawat whom. The pad accused of being proxies for Thaksin.,The pad called for the resignation of the governments of Thaksin Shinawatra ' Samak Sundaravej and somchai wongsawat whom. || the pad accused of being proxies for Thaksin.
simpeval-00535,5,61-80,75,-0.0188567494114953,SEMoses_all,82,"The PAD called for the resignation of the governments of Thaksin Shinawatra, Samak Sundaravej and Somchai Wongsawat, whom the PAD accused of being proxies for Thaksin.",The pad called for the resignation of the governments of Thaksin Shinawatra ' Samak Sundaravej and Somchai Wongsawat whom. The pad accused of being proxies for Thaksin.,The pad called for the resignation of the governments of Thaksin Shinawatra ' Samak Sundaravej and somchai wongsawat whom. || the pad accused of being proxies for Thaksin.
simpeval-00536,1,41-60,45,-1.1345982133411672,scramble_words,82,"The PAD called for the resignation of the governments of Thaksin Shinawatra, Samak Sundaravej and Somchai Wongsawat, whom the PAD accused of being proxies for Thaksin.","The Pad Wongsawat, for the resignation of Thaksin. Sundaravej of Thaksin accused Samak governments and Somchai called whom the pad Shinawatra, of proxies being for the","The PAD Wongsawat, for the resignation of Thaksin. || Sundaravej of Thaksin accused Samak governments and Somchai called whom the PAD Shinawatra, of proxies being for the"
simpeval-00537,2,61-80,70,-1.2101103935982291,scramble_words,82,"The PAD called for the resignation of the governments of Thaksin Shinawatra, Samak Sundaravej and Somchai Wongsawat, whom the PAD accused of being proxies for Thaksin.","The Pad Wongsawat, for the resignation of Thaksin. Sundaravej of Thaksin accused Samak governments and Somchai called whom the pad Shinawatra, of proxies being for the","The PAD Wongsawat, for the resignation of Thaksin. || Sundaravej of Thaksin accused Samak governments and Somchai called whom the PAD Shinawatra, of proxies being for the"
simpeval-00538,3,41-60,60,-1.415051251598323,scramble_words,82,"The PAD called for the resignation of the governments of Thaksin Shinawatra, Samak Sundaravej and Somchai Wongsawat, whom the PAD accused of being proxies for Thaksin.","The Pad Wongsawat, for the resignation of Thaksin. Sundaravej of Thaksin accused Samak governments and Somchai called whom the pad Shinawatra, of proxies being for the","The PAD Wongsawat, for the resignation of Thaksin. || Sundaravej of Thaksin accused Samak governments and Somchai called whom the PAD Shinawatra, of proxies being for the"
simpeval-00539,4,0-20,0,-2.7010858869947,scramble_words,82,"The PAD called for the resignation of the governments of Thaksin Shinawatra, Samak Sundaravej and Somchai Wongsawat, whom the PAD accused of being proxies for Thaksin.","The Pad Wongsawat, for the resignation of Thaksin. Sundaravej of Thaksin accused Samak governments and Somchai called whom the pad Shinawatra, of proxies being for the","The PAD Wongsawat, for the resignation of Thaksin. || Sundaravej of Thaksin accused Samak governments and Somchai called whom the PAD Shinawatra, of proxies being for the"
simpeval-00540,5,0-20,0,-2.6994030076793787,scramble_words,82,"The PAD called for the resignation of the governments of Thaksin Shinawatra, Samak Sundaravej and Somchai Wongsawat, whom the PAD accused of being proxies for Thaksin.","The Pad Wongsawat, for the resignation of Thaksin. Sundaravej of Thaksin accused Samak governments and Somchai called whom the pad Shinawatra, of proxies being for the","The PAD Wongsawat, for the resignation of Thaksin. || Sundaravej of Thaksin accused Samak governments and Somchai called whom the PAD Shinawatra, of proxies being for the"
simpeval-00541,1,21-40,35,-1.746690212510999,lstm_w_split,87,"George Frideric Handel also served as Kapellmeister for George, Elector of Hanover (who eventually became George I of Great Britain).","George Frideric Handel was the ordinal@1 Kapellmeister for George, Elector of Hanover.","George frideric handel was the ordinal@1 kapellmeister for george , elector of hanover."
simpeval-00542,2,61-80,65,-1.8045138799224147,lstm_w_split,87,"George Frideric Handel also served as Kapellmeister for George, Elector of Hanover (who eventually became George I of Great Britain).","George Frideric Handel was the ordinal@1 Kapellmeister for George, Elector of Hanover.","George frideric handel was the ordinal@1 kapellmeister for george , elector of hanover."
simpeval-00543,3,61-80,70,-0.7144753388535894,lstm_w_split,87,"George Frideric Handel also served as Kapellmeister for George, Elector of Hanover (who eventually became George I of Great Britain).","George Frideric Handel was the ordinal@1 Kapellmeister for George, Elector of Hanover.","George frideric handel was the ordinal@1 kapellmeister for george , elector of hanover."
simpeval-00544,4,41-60,60,-0.2741324774524907,lstm_w_split,87,"George Frideric Handel also served as Kapellmeister for George, Elector of Hanover (who eventually became George I of Great Britain).","George Frideric Handel was the ordinal@1 Kapellmeister for George, Elector of Hanover.","George frideric handel was the ordinal@1 kapellmeister for george , elector of hanover."
simpeval-00545,5,0-20,0,-2.6994030076793787,lstm_w_split,87,"George Frideric Handel also served as Kapellmeister for George, Elector of Hanover (who eventually became George I of Great Britain).","George Frideric Handel was the ordinal@1 Kapellmeister for George, Elector of Hanover.","George frideric handel was the ordinal@1 kapellmeister for george , elector of hanover."
simpeval-00546,1,81-100,90,1.6198157829230762,asset.test.simp,87,"George Frideric Handel also served as Kapellmeister for George, Elector of Hanover (who eventually became George I of Great Britain).","George Frederic Handel also served as the conductor for George, Elector of Hanover (who would later become Georige I of Great Britain).","George Frederic Handel also served as the conductor for George, Elector of Hanover (who would later become Georige I of Great Britain)."
simpeval-00547,2,61-80,77,-0.3779455127443695,asset.test.simp,87,"George Frideric Handel also served as Kapellmeister for George, Elector of Hanover (who eventually became George I of Great Britain).","George Frederic Handel also served as the conductor for George, Elector of Hanover (who would later become Georige I of Great Britain).","George Frederic Handel also served as the conductor for George, Elector of Hanover (who would later become Georige I of Great Britain)."
simpeval-00548,3,61-80,75,-0.3641873824812227,asset.test.simp,87,"George Frideric Handel also served as Kapellmeister for George, Elector of Hanover (who eventually became George I of Great Britain).","George Frederic Handel also served as the conductor for George, Elector of Hanover (who would later become Georige I of Great Britain).","George Frederic Handel also served as the conductor for George, Elector of Hanover (who would later become Georige I of Great Britain)."
simpeval-00549,4,81-100,90,0.939344227318614,asset.test.simp,87,"George Frideric Handel also served as Kapellmeister for George, Elector of Hanover (who eventually became George I of Great Britain).","George Frederic Handel also served as the conductor for George, Elector of Hanover (who would later become Georige I of Great Britain).","George Frederic Handel also served as the conductor for George, Elector of Hanover (who would later become Georige I of Great Britain)."
simpeval-00550,5,21-40,40,-1.2697783366031743,asset.test.simp,87,"George Frideric Handel also served as Kapellmeister for George, Elector of Hanover (who eventually became George I of Great Britain).","George Frederic Handel also served as the conductor for George, Elector of Hanover (who would later become Georige I of Great Britain).","George Frederic Handel also served as the conductor for George, Elector of Hanover (who would later become Georige I of Great Britain)."
simpeval-00551,1,0-20,15,-2.970874210850663,scramble_words,87,"George Frideric Handel also served as Kapellmeister for George, Elector of Hanover (who eventually became George I of Great Britain).","George Frideric for also served as Kapellmeister Handel George, Elector of Great (who eventually became George I of Hanover Britain).","George Frideric for also served as Kapellmeister Handel George, Elector of Great (who eventually became George I of Hanover Britain)."
simpeval-00552,2,41-60,60,-2.3989173662466,scramble_words,87,"George Frideric Handel also served as Kapellmeister for George, Elector of Hanover (who eventually became George I of Great Britain).","George Frideric for also served as Kapellmeister Handel George, Elector of Great (who eventually became George I of Hanover Britain).","George Frideric for also served as Kapellmeister Handel George, Elector of Great (who eventually became George I of Hanover Britain)."
simpeval-00553,3,41-60,60,-1.415051251598323,scramble_words,87,"George Frideric Handel also served as Kapellmeister for George, Elector of Hanover (who eventually became George I of Great Britain).","George Frideric for also served as Kapellmeister Handel George, Elector of Great (who eventually became George I of Hanover Britain).","George Frideric for also served as Kapellmeister Handel George, Elector of Great (who eventually became George I of Hanover Britain)."
simpeval-00554,4,0-20,10,-2.296593652070998,scramble_words,87,"George Frideric Handel also served as Kapellmeister for George, Elector of Hanover (who eventually became George I of Great Britain).","George Frideric for also served as Kapellmeister Handel George, Elector of Great (who eventually became George I of Hanover Britain).","George Frideric for also served as Kapellmeister Handel George, Elector of Great (who eventually became George I of Hanover Britain)."
simpeval-00555,5,21-40,35,-1.4484814204877,scramble_words,87,"George Frideric Handel also served as Kapellmeister for George, Elector of Hanover (who eventually became George I of Great Britain).","George Frideric for also served as Kapellmeister Handel George, Elector of Great (who eventually became George I of Hanover Britain).","George Frideric for also served as Kapellmeister Handel George, Elector of Great (who eventually became George I of Hanover Britain)."
simpeval-00556,1,61-80,70,0.3956317845834124,new_simple_wiki,87,"George Frideric Handel also served as Kapellmeister for George, Elector of Hanover (who eventually became George I of Great Britain).","George Frideric Handel was Kapellmeister for George, Elector of Hanover, who later became George I of Great Britain.","George frideric handel was kapellmeister for george, elector of hanover, who later became george i of great britain."
simpeval-00557,2,61-80,80,-0.0213034209498581,new_simple_wiki,87,"George Frideric Handel also served as Kapellmeister for George, Elector of Hanover (who eventually became George I of Great Britain).","George Frideric Handel was Kapellmeister for George, Elector of Hanover, who later became George I of Great Britain.","George frideric handel was kapellmeister for george, elector of hanover, who later became george i of great britain."
simpeval-00558,3,81-100,95,1.036964443008244,new_simple_wiki,87,"George Frideric Handel also served as Kapellmeister for George, Elector of Hanover (who eventually became George I of Great Britain).","George Frideric Handel was Kapellmeister for George, Elector of Hanover, who later became George I of Great Britain.","George frideric handel was kapellmeister for george, elector of hanover, who later became george i of great britain."
simpeval-00559,4,81-100,81,0.5753012158872824,new_simple_wiki,87,"George Frideric Handel also served as Kapellmeister for George, Elector of Hanover (who eventually became George I of Great Britain).","George Frideric Handel was Kapellmeister for George, Elector of Hanover, who later became George I of Great Britain.","George frideric handel was kapellmeister for george, elector of hanover, who later became george i of great britain."
simpeval-00560,5,81-100,98,0.8031774364573222,new_simple_wiki,87,"George Frideric Handel also served as Kapellmeister for George, Elector of Hanover (who eventually became George I of Great Britain).","George Frideric Handel was Kapellmeister for George, Elector of Hanover, who later became George I of Great Britain.","George frideric handel was kapellmeister for george, elector of hanover, who later became george i of great britain."
simpeval-00561,1,61-80,67,0.2120041848324629,T5-3B,87,"George Frideric Handel also served as Kapellmeister for George, Elector of Hanover (who eventually became George I of Great Britain).","George Frideric Handel also became Kapellmeister for George, Elector of Hanover (who became George I of Great Britain).","George Frideric Handel also became Kapellmeister for George, Elector of Hanover (who became George I of Great Britain)."
simpeval-00562,2,81-100,82,0.216457973579816,T5-3B,87,"George Frideric Handel also served as Kapellmeister for George, Elector of Hanover (who eventually became George I of Great Britain).","George Frideric Handel also became Kapellmeister for George, Elector of Hanover (who became George I of Great Britain).","George Frideric Handel also became Kapellmeister for George, Elector of Hanover (who became George I of Great Britain)."
simpeval-00563,3,81-100,92,0.8267916691848242,T5-3B,87,"George Frideric Handel also served as Kapellmeister for George, Elector of Hanover (who eventually became George I of Great Britain).","George Frideric Handel also became Kapellmeister for George, Elector of Hanover (who became George I of Great Britain).","George Frideric Handel also became Kapellmeister for George, Elector of Hanover (who became George I of Great Britain)."
simpeval-00564,4,61-80,66,-0.0314371364982698,T5-3B,87,"George Frideric Handel also served as Kapellmeister for George, Elector of Hanover (who eventually became George I of Great Britain).","George Frideric Handel also became Kapellmeister for George, Elector of Hanover (who became George I of Great Britain).","George Frideric Handel also became Kapellmeister for George, Elector of Hanover (who became George I of Great Britain)."
simpeval-00565,5,81-100,90,0.5172525022420813,T5-3B,87,"George Frideric Handel also served as Kapellmeister for George, Elector of Hanover (who eventually became George I of Great Britain).","George Frideric Handel also became Kapellmeister for George, Elector of Hanover (who became George I of Great Britain).","George Frideric Handel also became Kapellmeister for George, Elector of Hanover (who became George I of Great Britain)."
simpeval-00566,1,21-40,25,-2.358782211680831,SEMoses_all,87,"George Frideric Handel also served as Kapellmeister for George, Elector of Hanover (who eventually became George I of Great Britain).",George Frideric Handel also served as Kapellmeister for George. Handel Elector of Hanover. Eventually became George I of Great Britain ).,George Frideric Handel also served as Kapellmeister for George. || Handel elector of Hanover. || eventually became George i of great Britain ).
simpeval-00567,2,41-60,60,-2.3989173662466,SEMoses_all,87,"George Frideric Handel also served as Kapellmeister for George, Elector of Hanover (who eventually became George I of Great Britain).",George Frideric Handel also served as Kapellmeister for George. Handel Elector of Hanover. Eventually became George I of Great Britain ).,George Frideric Handel also served as Kapellmeister for George. || Handel elector of Hanover. || eventually became George i of great Britain ).
simpeval-00568,3,61-80,70,-0.7144753388535894,SEMoses_all,87,"George Frideric Handel also served as Kapellmeister for George, Elector of Hanover (who eventually became George I of Great Britain).",George Frideric Handel also served as Kapellmeister for George. Handel Elector of Hanover. Eventually became George I of Great Britain ).,George Frideric Handel also served as Kapellmeister for George. || Handel elector of Hanover. || eventually became George i of great Britain ).
simpeval-00569,4,41-60,60,-0.2741324774524907,SEMoses_all,87,"George Frideric Handel also served as Kapellmeister for George, Elector of Hanover (who eventually became George I of Great Britain).",George Frideric Handel also served as Kapellmeister for George. Handel Elector of Hanover. Eventually became George I of Great Britain ).,George Frideric Handel also served as Kapellmeister for George. || Handel elector of Hanover. || eventually became George i of great Britain ).
simpeval-00570,5,41-60,60,-0.5549660010650721,SEMoses_all,87,"George Frideric Handel also served as Kapellmeister for George, Elector of Hanover (who eventually became George I of Great Britain).",George Frideric Handel also served as Kapellmeister for George. Handel Elector of Hanover. Eventually became George I of Great Britain ).,George Frideric Handel also served as Kapellmeister for George. || Handel elector of Hanover. || eventually became George i of great Britain ).
simpeval-00571,1,41-60,58,-0.3388786144203857,lstm_w_split,94,"Instead, the crew fashioned a trailer with a cantilevered arm attached to the ""hovercraft"" and shot the scene while riding up Templin Highway north of Santa Clarita.","The crew tried to make a trailer with a trailer arm attached to the ""hovercraft"" and shot the scene while riding up Templin Highway north of Santa Clarita.","The crew tried to make a trailer with a trailer arm attached to the ""hovercraft"" and shot the scene while riding up templin highway north of santa clarita."
simpeval-00572,2,81-100,82,0.216457973579816,lstm_w_split,94,"Instead, the crew fashioned a trailer with a cantilevered arm attached to the ""hovercraft"" and shot the scene while riding up Templin Highway north of Santa Clarita.","The crew tried to make a trailer with a trailer arm attached to the ""hovercraft"" and shot the scene while riding up Templin Highway north of Santa Clarita.","The crew tried to make a trailer with a trailer arm attached to the ""hovercraft"" and shot the scene while riding up templin highway north of santa clarita."
simpeval-00573,3,61-80,72,-0.5743601563046427,lstm_w_split,94,"Instead, the crew fashioned a trailer with a cantilevered arm attached to the ""hovercraft"" and shot the scene while riding up Templin Highway north of Santa Clarita.","The crew tried to make a trailer with a trailer arm attached to the ""hovercraft"" and shot the scene while riding up Templin Highway north of Santa Clarita.","The crew tried to make a trailer with a trailer arm attached to the ""hovercraft"" and shot the scene while riding up templin highway north of santa clarita."
simpeval-00574,4,61-80,65,-0.0718863599906399,lstm_w_split,94,"Instead, the crew fashioned a trailer with a cantilevered arm attached to the ""hovercraft"" and shot the scene while riding up Templin Highway north of Santa Clarita.","The crew tried to make a trailer with a trailer arm attached to the ""hovercraft"" and shot the scene while riding up Templin Highway north of Santa Clarita.","The crew tried to make a trailer with a trailer arm attached to the ""hovercraft"" and shot the scene while riding up templin highway north of santa clarita."
simpeval-00575,5,61-80,65,-0.3762629171805465,lstm_w_split,94,"Instead, the crew fashioned a trailer with a cantilevered arm attached to the ""hovercraft"" and shot the scene while riding up Templin Highway north of Santa Clarita.","The crew tried to make a trailer with a trailer arm attached to the ""hovercraft"" and shot the scene while riding up Templin Highway north of Santa Clarita.","The crew tried to make a trailer with a trailer arm attached to the ""hovercraft"" and shot the scene while riding up templin highway north of santa clarita."
simpeval-00576,1,61-80,76,0.7628869840853116,new_simple_wiki,94,"Instead, the crew fashioned a trailer with a cantilevered arm attached to the ""hovercraft"" and shot the scene while riding up Templin Highway north of Santa Clarita.","They built a trailer connected to the ""Hover Craft"" in the movie and shot the scene while riding up a highway north of Santa Clarita.","They built a trailer connected to the ""hover craft"" in the movie and shot the scene while riding up a highway north of santa clarita."
simpeval-00577,2,81-100,86,0.6919807626391645,new_simple_wiki,94,"Instead, the crew fashioned a trailer with a cantilevered arm attached to the ""hovercraft"" and shot the scene while riding up Templin Highway north of Santa Clarita.","They built a trailer connected to the ""Hover Craft"" in the movie and shot the scene while riding up a highway north of Santa Clarita.","They built a trailer connected to the ""hover craft"" in the movie and shot the scene while riding up a highway north of santa clarita."
simpeval-00578,3,61-80,75,-0.3641873824812227,new_simple_wiki,94,"Instead, the crew fashioned a trailer with a cantilevered arm attached to the ""hovercraft"" and shot the scene while riding up Templin Highway north of Santa Clarita.","They built a trailer connected to the ""Hover Craft"" in the movie and shot the scene while riding up a highway north of Santa Clarita.","They built a trailer connected to the ""hover craft"" in the movie and shot the scene while riding up a highway north of santa clarita."
simpeval-00579,4,81-100,95,1.1415903447804647,new_simple_wiki,94,"Instead, the crew fashioned a trailer with a cantilevered arm attached to the ""hovercraft"" and shot the scene while riding up Templin Highway north of Santa Clarita.","They built a trailer connected to the ""Hover Craft"" in the movie and shot the scene while riding up a highway north of Santa Clarita.","They built a trailer connected to the ""hover craft"" in the movie and shot the scene while riding up a highway north of santa clarita."
simpeval-00580,5,81-100,98,0.8031774364573222,new_simple_wiki,94,"Instead, the crew fashioned a trailer with a cantilevered arm attached to the ""hovercraft"" and shot the scene while riding up Templin Highway north of Santa Clarita.","They built a trailer connected to the ""Hover Craft"" in the movie and shot the scene while riding up a highway north of Santa Clarita.","They built a trailer connected to the ""hover craft"" in the movie and shot the scene while riding up a highway north of santa clarita."
simpeval-00581,1,61-80,65,0.0895857849984965,T5-3B,94,"Instead, the crew fashioned a trailer with a cantilevered arm attached to the ""hovercraft"" and shot the scene while riding up Templin Highway north of Santa Clarita.","Instead, the crew built a trailer with a cantilevered arm attached to the ""hovercraft"" and shot the scene while riding up Templin Highway north of Santa Clarita.","Instead, the crew built a trailer with a cantilevered arm attached to the ""hovercraft"" and shot the scene while riding up Templin Highway north of Santa Clarita."
simpeval-00582,2,81-100,81,0.0975772763149789,T5-3B,94,"Instead, the crew fashioned a trailer with a cantilevered arm attached to the ""hovercraft"" and shot the scene while riding up Templin Highway north of Santa Clarita.","Instead, the crew built a trailer with a cantilevered arm attached to the ""hovercraft"" and shot the scene while riding up Templin Highway north of Santa Clarita.","Instead, the crew built a trailer with a cantilevered arm attached to the ""hovercraft"" and shot the scene while riding up Templin Highway north of Santa Clarita."
simpeval-00583,3,81-100,90,0.6866764866358774,T5-3B,94,"Instead, the crew fashioned a trailer with a cantilevered arm attached to the ""hovercraft"" and shot the scene while riding up Templin Highway north of Santa Clarita.","Instead, the crew built a trailer with a cantilevered arm attached to the ""hovercraft"" and shot the scene while riding up Templin Highway north of Santa Clarita.","Instead, the crew built a trailer with a cantilevered arm attached to the ""hovercraft"" and shot the scene while riding up Templin Highway north of Santa Clarita."
simpeval-00584,4,61-80,71,0.1708089809635809,T5-3B,94,"Instead, the crew fashioned a trailer with a cantilevered arm attached to the ""hovercraft"" and shot the scene while riding up Templin Highway north of Santa Clarita.","Instead, the crew built a trailer with a cantilevered arm attached to the ""hovercraft"" and shot the scene while riding up Templin Highway north of Santa Clarita.","Instead, the crew built a trailer with a cantilevered arm attached to the ""hovercraft"" and shot the scene while riding up Templin Highway north of Santa Clarita."
simpeval-00585,5,81-100,90,0.5172525022420813,T5-3B,94,"Instead, the crew fashioned a trailer with a cantilevered arm attached to the ""hovercraft"" and shot the scene while riding up Templin Highway north of Santa Clarita.","Instead, the crew built a trailer with a cantilevered arm attached to the ""hovercraft"" and shot the scene while riding up Templin Highway north of Santa Clarita.","Instead, the crew built a trailer with a cantilevered arm attached to the ""hovercraft"" and shot the scene while riding up Templin Highway north of Santa Clarita."
simpeval-00586,1,61-80,75,0.7016777841683284,asset.test.simp,94,"Instead, the crew fashioned a trailer with a cantilevered arm attached to the ""hovercraft"" and shot the scene while riding up Templin Highway north of Santa Clarita.","Instead, the crew made a trailer with an arm attached to the ""hovercraft."" They shot the scene while riding up Templin Highway north of Santa Clarita.","Instead, the crew made a trailer with an arm attached to the ""hovercraft."" || They shot the scene while riding up Templin Highway north of Santa Clarita."
simpeval-00587,2,81-100,90,1.1675035516985128,asset.test.simp,94,"Instead, the crew fashioned a trailer with a cantilevered arm attached to the ""hovercraft"" and shot the scene while riding up Templin Highway north of Santa Clarita.","Instead, the crew made a trailer with an arm attached to the ""hovercraft."" They shot the scene while riding up Templin Highway north of Santa Clarita.","Instead, the crew made a trailer with an arm attached to the ""hovercraft."" || They shot the scene while riding up Templin Highway north of Santa Clarita."
simpeval-00588,3,81-100,92,0.8267916691848242,asset.test.simp,94,"Instead, the crew fashioned a trailer with a cantilevered arm attached to the ""hovercraft"" and shot the scene while riding up Templin Highway north of Santa Clarita.","Instead, the crew made a trailer with an arm attached to the ""hovercraft."" They shot the scene while riding up Templin Highway north of Santa Clarita.","Instead, the crew made a trailer with an arm attached to the ""hovercraft."" || They shot the scene while riding up Templin Highway north of Santa Clarita."
simpeval-00589,4,81-100,93,1.0606918977957245,asset.test.simp,94,"Instead, the crew fashioned a trailer with a cantilevered arm attached to the ""hovercraft"" and shot the scene while riding up Templin Highway north of Santa Clarita.","Instead, the crew made a trailer with an arm attached to the ""hovercraft."" They shot the scene while riding up Templin Highway north of Santa Clarita.","Instead, the crew made a trailer with an arm attached to the ""hovercraft."" || They shot the scene while riding up Templin Highway north of Santa Clarita."
simpeval-00590,5,81-100,98,0.8031774364573222,asset.test.simp,94,"Instead, the crew fashioned a trailer with a cantilevered arm attached to the ""hovercraft"" and shot the scene while riding up Templin Highway north of Santa Clarita.","Instead, the crew made a trailer with an arm attached to the ""hovercraft."" They shot the scene while riding up Templin Highway north of Santa Clarita.","Instead, the crew made a trailer with an arm attached to the ""hovercraft."" || They shot the scene while riding up Templin Highway north of Santa Clarita."
simpeval-00591,1,41-60,47,-1.0121798135072009,SEMoses_all,94,"Instead, the crew fashioned a trailer with a cantilevered arm attached to the ""hovercraft"" and shot the scene while riding up Templin Highway north of Santa Clarita.",The crew fashioned a trailer with a cantilevered. Arm attached to the hovercraft. Arm shot the scene. The crew riding up movie highway north of Santa Clarita.,The crew fashioned a trailer with a cantilevered. || arm attached to the hovercraft. || arm shot the scene. || the crew riding up movie highway north of Santa Clarita.
simpeval-00592,2,61-80,68,-1.4478717881279035,SEMoses_all,94,"Instead, the crew fashioned a trailer with a cantilevered arm attached to the ""hovercraft"" and shot the scene while riding up Templin Highway north of Santa Clarita.",The crew fashioned a trailer with a cantilevered. Arm attached to the hovercraft. Arm shot the scene. The crew riding up movie highway north of Santa Clarita.,The crew fashioned a trailer with a cantilevered. || arm attached to the hovercraft. || arm shot the scene. || the crew riding up movie highway north of Santa Clarita.
simpeval-00593,3,41-60,60,-1.415051251598323,SEMoses_all,94,"Instead, the crew fashioned a trailer with a cantilevered arm attached to the ""hovercraft"" and shot the scene while riding up Templin Highway north of Santa Clarita.",The crew fashioned a trailer with a cantilevered. Arm attached to the hovercraft. Arm shot the scene. The crew riding up movie highway north of Santa Clarita.,The crew fashioned a trailer with a cantilevered. || arm attached to the hovercraft. || arm shot the scene. || the crew riding up movie highway north of Santa Clarita.
simpeval-00594,4,21-40,25,-1.689855299685446,SEMoses_all,94,"Instead, the crew fashioned a trailer with a cantilevered arm attached to the ""hovercraft"" and shot the scene while riding up Templin Highway north of Santa Clarita.",The crew fashioned a trailer with a cantilevered. Arm attached to the hovercraft. Arm shot the scene. The crew riding up movie highway north of Santa Clarita.,The crew fashioned a trailer with a cantilevered. || arm attached to the hovercraft. || arm shot the scene. || the crew riding up movie highway north of Santa Clarita.
simpeval-00595,5,21-40,30,-1.6271845043722255,SEMoses_all,94,"Instead, the crew fashioned a trailer with a cantilevered arm attached to the ""hovercraft"" and shot the scene while riding up Templin Highway north of Santa Clarita.",The crew fashioned a trailer with a cantilevered. Arm attached to the hovercraft. Arm shot the scene. The crew riding up movie highway north of Santa Clarita.,The crew fashioned a trailer with a cantilevered. || arm attached to the hovercraft. || arm shot the scene. || the crew riding up movie highway north of Santa Clarita.
simpeval-00596,1,41-60,45,-1.1345982133411672,scramble_words,94,"Instead, the crew fashioned a trailer with a cantilevered arm attached to the ""hovercraft"" and shot the scene while riding up Templin Highway north of Santa Clarita.","Instead, the crew and a trailer with a cantilevered the attached to arm up fashioned shot while scene the riding ""hovercraft"" Templin Highway North Clarita. Santa of","Instead, the crew and a trailer with a cantilevered the attached to arm up fashioned shot while scene the riding ""hovercraft"" Templin Highway north Clarita. || Santa of"
simpeval-00597,2,61-80,77,-0.3779455127443695,scramble_words,94,"Instead, the crew fashioned a trailer with a cantilevered arm attached to the ""hovercraft"" and shot the scene while riding up Templin Highway north of Santa Clarita.","Instead, the crew and a trailer with a cantilevered the attached to arm up fashioned shot while scene the riding ""hovercraft"" Templin Highway North Clarita. Santa of","Instead, the crew and a trailer with a cantilevered the attached to arm up fashioned shot while scene the riding ""hovercraft"" Templin Highway north Clarita. || Santa of"
simpeval-00598,3,41-60,50,-2.1156271643430564,scramble_words,94,"Instead, the crew fashioned a trailer with a cantilevered arm attached to the ""hovercraft"" and shot the scene while riding up Templin Highway north of Santa Clarita.","Instead, the crew and a trailer with a cantilevered the attached to arm up fashioned shot while scene the riding ""hovercraft"" Templin Highway North Clarita. Santa of","Instead, the crew and a trailer with a cantilevered the attached to arm up fashioned shot while scene the riding ""hovercraft"" Templin Highway north Clarita. || Santa of"
simpeval-00599,4,0-20,0,-2.7010858869947,scramble_words,94,"Instead, the crew fashioned a trailer with a cantilevered arm attached to the ""hovercraft"" and shot the scene while riding up Templin Highway north of Santa Clarita.","Instead, the crew and a trailer with a cantilevered the attached to arm up fashioned shot while scene the riding ""hovercraft"" Templin Highway North Clarita. Santa of","Instead, the crew and a trailer with a cantilevered the attached to arm up fashioned shot while scene the riding ""hovercraft"" Templin Highway north Clarita. || Santa of"
simpeval-00600,5,0-20,20,-1.9845906721412765,scramble_words,94,"Instead, the crew fashioned a trailer with a cantilevered arm attached to the ""hovercraft"" and shot the scene while riding up Templin Highway north of Santa Clarita.","Instead, the crew and a trailer with a cantilevered the attached to arm up fashioned shot while scene the riding ""hovercraft"" Templin Highway North Clarita. Santa of","Instead, the crew and a trailer with a cantilevered the attached to arm up fashioned shot while scene the riding ""hovercraft"" Templin Highway north Clarita. || Santa of"
